ID,name,score1,score2
1,Student_1,60,58
2,Student_2,68,75
3,Student_3,86,92
4,Student_4,92,96
5,Student_5,91,55
6,Student_6,61,87
7,Student_7,88,74
8,Student_8,63,89
9,Student_9,98,60
10,Student_10,92,79
11,Student_11,79,81
12,Student_12,74,73
13,Student_13,51,63
14,Student_14,77,97
15,Student_15,83,63
16,Student_16,82,64
17,Student_17,62,84
18,Student_18,54,92
19,Student_19,54,82
20,Student_20,50,88
21,Student_21,86,77
22,Student_22,89,71
23,Student_23,97,85
24,Student_24,68,63
25,Student_25,94,68
26,Student_26,94,89
27,Student_27,83,89
28,Student_28,79,73
29,Student_29,100,84
30,Student_30,86,71
31,Student_31,74,69
32,Student_32,62,65
33,Student_33,75,80
34,Student_34,88,59
35,Student_35,95,52
36,Student_36,75,98
37,Student_37,62,86
38,Student_38,55,64
39,Student_39,63,85
40,Student_40,66,62
41,Student_41,88,88
42,Student_42,98,56
43,Student_43,66,67
44,Student_44,67,80
45,Student_45,85,83
46,Student_46,71,94
47,Student_47,98,88
48,Student_48,72,89
49,Student_49,92,66
50,Student_50,65,73
51,Student_51,82,99
52,Student_52,75,68
53,Student_53,93,87
54,Student_54,73,92
55,Student_55,99,58
56,Student_56,72,55
57,Student_57,78,80
58,Student_58,74,67
59,Student_59,74,81
60,Student_60,55,59
61,Student_61,65,95
62,Student_62,54,64
63,Student_63,84,57
64,Student_64,87,57
65,Student_65,54,53
66,Student_66,82,86
67,Student_67,95,91
68,Student_68,75,76
69,Student_69,86,94
70,Student_70,81,80
71,Student_71,57,79
72,Student_72,56,80
73,Student_73,57,94
74,Student_74,87,88
75,Student_75,51,84
76,Student_76,73,95
77,Student_77,78,99
78,Student_78,87,80
79,Student_79,52,57
80,Student_80,65,75
81,Student_81,52,72
82,Student_82,93,77
83,Student_83,57,99
84,Student_84,68,96
85,Student_85,83,92
86,Student_86,72,76
87,Student_87,78,50
88,Student_88,78,88
89,Student_89,63,99
90,Student_90,81,81
91,Student_91,81,86
92,Student_92,75,64
93,Student_93,93,83
94,Student_94,69,56
95,Student_95,63,51
96,Student_96,71,99
97,Student_97,70,54
98,Student_98,53,82
99,Student_99,88,80
100,Student_100,95,78
101,Student_101,64,91
102,Student_102,68,93
103,Student_103,75,72
104,Student_104,100,85
105,Student_105,55,90
106,Student_106,92,83
107,Student_107,52,71
108,Student_108,86,92
109,Student_109,51,66
110,Student_110,92,59
111,Student_111,85,97
112,Student_112,56,56
113,Student_113,61,63
114,Student_114,71,98
115,Student_115,52,72
116,Student_116,93,73
117,Student_117,94,51
118,Student_118,100,70
119,Student_119,57,91
120,Student_120,84,68
121,Student_121,94,83
122,Student_122,78,80
123,Student_123,92,77
124,Student_124,78,72
125,Student_125,80,61
126,Student_126,91,92
127,Student_127,100,69
128,Student_128,98,66
129,Student_129,54,92
130,Student_130,78,87
131,Student_131,96,60
132,Student_132,91,81
133,Student_133,75,92
134,Student_134,72,100
135,Student_135,65,87
136,Student_136,55,84
137,Student_137,53,70
138,Student_138,83,73
139,Student_139,68,89
140,Student_140,86,93
141,Student_141,99,66
142,Student_142,59,68
143,Student_143,74,98
144,Student_144,63,51
145,Student_145,82,82
146,Student_146,77,86
147,Student_147,57,77
148,Student_148,50,56
149,Student_149,78,73
150,Student_150,89,91
151,Student_151,75,98
152,Student_152,52,53
153,Student_153,98,79
154,Student_154,79,62
155,Student_155,97,100
156,Student_156,62,63
157,Student_157,66,100
158,Student_158,71,59
159,Student_159,80,86
160,Student_160,52,69
161,Student_161,77,74
162,Student_162,92,60
163,Student_163,84,50
164,Student_164,87,65
165,Student_165,87,97
166,Student_166,57,54
167,Student_167,71,65
168,Student_168,76,74
169,Student_169,89,63
170,Student_170,60,78
171,Student_171,67,72
172,Student_172,74,88
173,Student_173,53,75
174,Student_174,66,97
175,Student_175,56,51
176,Student_176,83,91
177,Student_177,70,66
178,Student_178,77,68
179,Student_179,65,85
180,Student_180,95,58
181,Student_181,56,63
182,Student_182,69,74
183,Student_183,79,61
184,Student_184,68,88
185,Student_185,54,74
186,Student_186,65,94
187,Student_187,86,97
188,Student_188,94,84
189,Student_189,92,77
190,Student_190,81,76
191,Student_191,69,79
192,Student_192,61,77
193,Student_193,76,70
194,Student_194,76,64
195,Student_195,74,74
196,Student_196,77,83
197,Student_197,50,91
198,Student_198,94,87
199,Student_199,100,93
200,Student_200,83,80
201,Student_201,52,67
202,Student_202,99,50
203,Student_203,94,92
204,Student_204,98,55
205,Student_205,99,66
206,Student_206,91,73
207,Student_207,80,66
208,Student_208,88,56
209,Student_209,82,91
210,Student_210,70,90
211,Student_211,65,83
212,Student_212,84,53
213,Student_213,77,59
214,Student_214,74,68
215,Student_215,75,54
216,Student_216,93,67
217,Student_217,82,69
218,Student_218,87,70
219,Student_219,94,83
220,Student_220,83,74
221,Student_221,56,86
222,Student_222,89,94
223,Student_223,62,81
224,Student_224,51,74
225,Student_225,75,96
226,Student_226,90,91
227,Student_227,82,50
228,Student_228,75,52
229,Student_229,74,93
230,Student_230,86,74
231,Student_231,70,95
232,Student_232,93,91
233,Student_233,60,62
234,Student_234,67,57
235,Student_235,89,54
236,Student_236,80,63
237,Student_237,54,76
238,Student_238,56,99
239,Student_239,78,65
240,Student_240,59,68
241,Student_241,99,54
242,Student_242,52,53
243,Student_243,90,59
244,Student_244,70,67
245,Student_245,55,82
246,Student_246,80,86
247,Student_247,98,68
248,Student_248,54,65
249,Student_249,94,91
250,Student_250,57,57
251,Student_251,98,82
252,Student_252,54,92
253,Student_253,58,91
254,Student_254,88,55
255,Student_255,93,87
256,Student_256,94,56
257,Student_257,97,94
258,Student_258,65,56
259,Student_259,92,63
260,Student_260,99,55
261,Student_261,66,53
262,Student_262,81,58
263,Student_263,70,83
264,Student_264,83,50
265,Student_265,63,58
266,Student_266,73,81
267,Student_267,70,76
268,Student_268,71,84
269,Student_269,64,64
270,Student_270,67,68
271,Student_271,91,91
272,Student_272,81,54
273,Student_273,51,53
274,Student_274,61,63
275,Student_275,83,57
276,Student_276,83,85
277,Student_277,55,69
278,Student_278,73,92
279,Student_279,60,76
280,Student_280,83,81
281,Student_281,81,92
282,Student_282,55,80
283,Student_283,83,79
284,Student_284,89,81
285,Student_285,60,68
286,Student_286,59,76
287,Student_287,92,56
288,Student_288,59,57
289,Student_289,65,92
290,Student_290,88,100
291,Student_291,97,50
292,Student_292,86,69
293,Student_293,94,76
294,Student_294,85,65
295,Student_295,68,91
296,Student_296,78,84
297,Student_297,57,50
298,Student_298,63,76
299,Student_299,72,74
300,Student_300,95,82
301,Student_301,60,61
302,Student_302,74,51
303,Student_303,83,57
304,Student_304,61,97
305,Student_305,77,76
306,Student_306,59,59
307,Student_307,92,96
308,Student_308,54,85
309,Student_309,66,98
310,Student_310,72,71
311,Student_311,97,58
312,Student_312,91,80
313,Student_313,100,61
314,Student_314,74,64
315,Student_315,56,80
316,Student_316,51,78
317,Student_317,64,63
318,Student_318,84,59
319,Student_319,85,61
320,Student_320,95,92
321,Student_321,100,83
322,Student_322,100,72
323,Student_323,67,51
324,Student_324,75,87
325,Student_325,97,91
326,Student_326,62,70
327,Student_327,80,89
328,Student_328,62,79
329,Student_329,70,57
330,Student_330,58,70
331,Student_331,55,97
332,Student_332,56,85
333,Student_333,100,81
334,Student_334,82,59
335,Student_335,100,60
336,Student_336,88,53
337,Student_337,63,56
338,Student_338,88,51
339,Student_339,87,50
340,Student_340,78,85
341,Student_341,93,82
342,Student_342,60,73
343,Student_343,74,89
344,Student_344,54,100
345,Student_345,57,67
346,Student_346,75,88
347,Student_347,73,65
348,Student_348,73,95
349,Student_349,99,89
350,Student_350,93,93
351,Student_351,67,61
352,Student_352,94,100
353,Student_353,92,55
354,Student_354,93,89
355,Student_355,53,57
356,Student_356,58,56
357,Student_357,80,83
358,Student_358,75,87
359,Student_359,86,95
360,Student_360,79,54
361,Student_361,84,98
362,Student_362,91,91
363,Student_363,84,73
364,Student_364,87,75
365,Student_365,68,62
366,Student_366,50,99
367,Student_367,59,89
368,Student_368,69,92
369,Student_369,78,84
370,Student_370,64,96
371,Student_371,73,62
372,Student_372,64,52
373,Student_373,67,55
374,Student_374,96,79
375,Student_375,85,88
376,Student_376,69,93
377,Student_377,93,74
378,Student_378,57,65
379,Student_379,65,99
380,Student_380,85,55
381,Student_381,95,50
382,Student_382,72,85
383,Student_383,94,52
384,Student_384,65,53
385,Student_385,54,75
386,Student_386,77,99
387,Student_387,93,52
388,Student_388,83,67
389,Student_389,73,74
390,Student_390,98,77
391,Student_391,74,72
392,Student_392,100,62
393,Student_393,76,78
394,Student_394,64,99
395,Student_395,60,98
396,Student_396,54,63
397,Student_397,97,88
398,Student_398,76,80
399,Student_399,84,99
400,Student_400,60,80
401,Student_401,98,100
402,Student_402,94,87
403,Student_403,83,61
404,Student_404,100,55
405,Student_405,95,59
406,Student_406,98,54
407,Student_407,98,51
408,Student_408,73,82
409,Student_409,55,92
410,Student_410,96,60
411,Student_411,71,89
412,Student_412,56,86
413,Student_413,68,96
414,Student_414,99,62
415,Student_415,62,61
416,Student_416,59,87
417,Student_417,88,83
418,Student_418,59,53
419,Student_419,62,70
420,Student_420,69,95
421,Student_421,98,63
422,Student_422,94,90
423,Student_423,53,61
424,Student_424,100,100
425,Student_425,50,60
426,Student_426,74,82
427,Student_427,74,86
428,Student_428,64,94
429,Student_429,61,92
430,Student_430,87,85
431,Student_431,73,66
432,Student_432,60,86
433,Student_433,60,83
434,Student_434,55,56
435,Student_435,97,80
436,Student_436,70,100
437,Student_437,90,58
438,Student_438,59,100
439,Student_439,65,75
440,Student_440,71,53
441,Student_441,64,90
442,Student_442,70,64
443,Student_443,83,88
444,Student_444,61,73
445,Student_445,74,76
446,Student_446,100,87
447,Student_447,86,66
448,Student_448,51,70
449,Student_449,97,100
450,Student_450,54,53
451,Student_451,58,74
452,Student_452,78,77
453,Student_453,82,53
454,Student_454,89,67
455,Student_455,63,96
456,Student_456,91,63
457,Student_457,52,50
458,Student_458,59,72
459,Student_459,82,70
460,Student_460,81,60
461,Student_461,80,85
462,Student_462,58,88
463,Student_463,54,91
464,Student_464,97,81
465,Student_465,70,99
466,Student_466,62,68
467,Student_467,91,90
468,Student_468,93,53
469,Student_469,58,82
470,Student_470,84,69
471,Student_471,75,97
472,Student_472,70,72
473,Student_473,71,50
474,Student_474,78,80
475,Student_475,99,84
476,Student_476,91,83
477,Student_477,54,88
478,Student_478,59,68
479,Student_479,62,92
480,Student_480,93,76
481,Student_481,82,93
482,Student_482,57,83
483,Student_483,72,69
484,Student_484,84,69
485,Student_485,53,70
486,Student_486,73,55
487,Student_487,98,96
488,Student_488,72,63
489,Student_489,95,91
490,Student_490,70,56
491,Student_491,87,94
492,Student_492,78,63
493,Student_493,51,72
494,Student_494,65,84
495,Student_495,66,85
496,Student_496,82,50
497,Student_497,65,96
498,Student_498,75,81
499,Student_499,90,55
500,Student_500,80,68
501,Student_501,85,91
502,Student_502,59,88
503,Student_503,89,65
504,Student_504,57,99
505,Student_505,85,91
506,Student_506,75,98
507,Student_507,86,62
508,Student_508,54,76
509,Student_509,77,59
510,Student_510,60,66
511,Student_511,94,66
512,Student_512,83,91
513,Student_513,69,51
514,Student_514,77,75
515,Student_515,63,88
516,Student_516,61,82
517,Student_517,95,89
518,Student_518,96,55
519,Student_519,73,95
520,Student_520,82,82
521,Student_521,97,79
522,Student_522,76,78
523,Student_523,98,63
524,Student_524,61,78
525,Student_525,93,68
526,Student_526,68,67
527,Student_527,81,65
528,Student_528,89,71
529,Student_529,70,81
530,Student_530,51,84
531,Student_531,81,74
532,Student_532,98,99
533,Student_533,51,72
534,Student_534,56,58
535,Student_535,82,87
536,Student_536,60,71
537,Student_537,62,93
538,Student_538,85,90
539,Student_539,69,81
540,Student_540,83,71
541,Student_541,68,79
542,Student_542,98,85
543,Student_543,66,87
544,Student_544,66,99
545,Student_545,54,93
546,Student_546,90,84
547,Student_547,86,64
548,Student_548,79,95
549,Student_549,69,82
550,Student_550,93,80
551,Student_551,67,56
552,Student_552,79,61
553,Student_553,52,88
554,Student_554,62,62
555,Student_555,75,67
556,Student_556,51,52
557,Student_557,56,99
558,Student_558,77,67
559,Student_559,68,87
560,Student_560,58,50
561,Student_561,91,86
562,Student_562,100,94
563,Student_563,88,73
564,Student_564,78,84
565,Student_565,81,86
566,Student_566,94,72
567,Student_567,53,90
568,Student_568,64,93
569,Student_569,85,98
570,Student_570,61,93
571,Student_571,51,100
572,Student_572,73,65
573,Student_573,70,82
574,Student_574,80,58
575,Student_575,89,62
576,Student_576,87,63
577,Student_577,68,58
578,Student_578,72,86
579,Student_579,91,82
580,Student_580,84,82
581,Student_581,99,57
582,Student_582,80,82
583,Student_583,52,82
584,Student_584,53,64
585,Student_585,89,66
586,Student_586,86,90
587,Student_587,50,61
588,Student_588,54,87
589,Student_589,67,65
590,Student_590,92,63
591,Student_591,94,56
592,Student_592,94,90
593,Student_593,67,76
594,Student_594,85,70
595,Student_595,59,99
596,Student_596,96,61
597,Student_597,57,52
598,Student_598,70,80
599,Student_599,82,74
600,Student_600,94,61
601,Student_601,55,68
602,Student_602,89,52
603,Student_603,96,72
604,Student_604,54,54
605,Student_605,79,88
606,Student_606,82,93
607,Student_607,61,62
608,Student_608,63,93
609,Student_609,96,68
610,Student_610,92,81
611,Student_611,50,53
612,Student_612,97,73
613,Student_613,70,76
614,Student_614,53,81
615,Student_615,59,72
616,Student_616,80,90
617,Student_617,65,78
618,Student_618,70,97
619,Student_619,65,88
620,Student_620,58,80
621,Student_621,59,69
622,Student_622,100,84
623,Student_623,58,57
624,Student_624,88,64
625,Student_625,80,53
626,Student_626,62,81
627,Student_627,87,58
628,Student_628,80,84
629,Student_629,98,54
630,Student_630,63,70
631,Student_631,63,81
632,Student_632,77,60
633,Student_633,58,70
634,Student_634,71,89
635,Student_635,95,62
636,Student_636,51,67
637,Student_637,96,84
638,Student_638,62,88
639,Student_639,82,65
640,Student_640,84,89
641,Student_641,51,78
642,Student_642,87,52
643,Student_643,72,97
644,Student_644,86,63
645,Student_645,80,57
646,Student_646,76,66
647,Student_647,72,81
648,Student_648,68,64
649,Student_649,96,64
650,Student_650,71,58
651,Student_651,56,84
652,Student_652,96,88
653,Student_653,78,99
654,Student_654,97,99
655,Student_655,57,80
656,Student_656,59,58
657,Student_657,85,98
658,Student_658,65,93
659,Student_659,98,91
660,Student_660,83,50
661,Student_661,99,75
662,Student_662,61,62
663,Student_663,68,55
664,Student_664,79,93
665,Student_665,74,71
666,Student_666,70,53
667,Student_667,62,74
668,Student_668,58,55
669,Student_669,92,91
670,Student_670,51,99
671,Student_671,99,97
672,Student_672,51,71
673,Student_673,57,79
674,Student_674,54,98
675,Student_675,53,73
676,Student_676,75,61
677,Student_677,70,66
678,Student_678,59,91
679,Student_679,79,67
680,Student_680,93,52
681,Student_681,95,97
682,Student_682,71,51
683,Student_683,96,72
684,Student_684,56,51
685,Student_685,69,94
686,Student_686,77,50
687,Student_687,83,80
688,Student_688,91,72
689,Student_689,82,100
690,Student_690,53,71
691,Student_691,58,77
692,Student_692,96,51
693,Student_693,54,87
694,Student_694,69,62
695,Student_695,90,86
696,Student_696,55,63
697,Student_697,92,58
698,Student_698,50,71
699,Student_699,99,56
700,Student_700,70,60
701,Student_701,56,59
702,Student_702,77,63
703,Student_703,50,57
704,Student_704,84,59
705,Student_705,53,99
706,Student_706,67,91
707,Student_707,72,94
708,Student_708,55,99
709,Student_709,64,100
710,Student_710,50,85
711,Student_711,83,74
712,Student_712,52,50
713,Student_713,80,98
714,Student_714,79,83
715,Student_715,92,55
716,Student_716,67,100
717,Student_717,76,77
718,Student_718,97,76
719,Student_719,96,80
720,Student_720,78,75
721,Student_721,64,85
722,Student_722,86,57
723,Student_723,66,82
724,Student_724,57,65
725,Student_725,59,85
726,Student_726,90,92
727,Student_727,84,60
728,Student_728,87,60
729,Student_729,77,71
730,Student_730,75,55
731,Student_731,90,83
732,Student_732,63,71
733,Student_733,52,80
734,Student_734,85,78
735,Student_735,66,59
736,Student_736,53,95
737,Student_737,100,69
738,Student_738,52,55
739,Student_739,75,85
740,Student_740,61,75
741,Student_741,69,75
742,Student_742,62,51
743,Student_743,52,53
744,Student_744,78,52
745,Student_745,82,99
746,Student_746,89,96
747,Student_747,54,67
748,Student_748,55,97
749,Student_749,93,98
750,Student_750,69,75
751,Student_751,72,71
752,Student_752,55,68
753,Student_753,90,96
754,Student_754,66,65
755,Student_755,98,93
756,Student_756,51,86
757,Student_757,96,64
758,Student_758,50,71
759,Student_759,79,59
760,Student_760,66,70
761,Student_761,80,72
762,Student_762,69,95
763,Student_763,88,77
764,Student_764,50,50
765,Student_765,66,68
766,Student_766,69,96
767,Student_767,74,94
768,Student_768,51,56
769,Student_769,82,56
770,Student_770,87,97
771,Student_771,67,50
772,Student_772,60,50
773,Student_773,65,64
774,Student_774,61,99
775,Student_775,82,91
776,Student_776,95,79
777,Student_777,74,84
778,Student_778,99,84
779,Student_779,91,83
780,Student_780,59,78
781,Student_781,87,81
782,Student_782,97,62
783,Student_783,77,74
784,Student_784,89,73
785,Student_785,76,79
786,Student_786,74,50
787,Student_787,91,51
788,Student_788,52,71
789,Student_789,80,52
790,Student_790,54,98
791,Student_791,100,76
792,Student_792,72,55
793,Student_793,51,92
794,Student_794,68,99
795,Student_795,98,99
796,Student_796,68,62
797,Student_797,70,62
798,Student_798,100,88
799,Student_799,92,62
800,Student_800,97,62
801,Student_801,51,89
802,Student_802,75,64
803,Student_803,95,58
804,Student_804,62,54
805,Student_805,50,99
806,Student_806,57,65
807,Student_807,50,71
808,Student_808,94,75
809,Student_809,59,52
810,Student_810,56,60
811,Student_811,98,96
812,Student_812,51,86
813,Student_813,55,79
814,Student_814,70,95
815,Student_815,89,56
816,Student_816,83,65
817,Student_817,80,71
818,Student_818,83,77
819,Student_819,77,64
820,Student_820,81,57
821,Student_821,64,100
822,Student_822,66,78
823,Student_823,64,80
824,Student_824,64,80
825,Student_825,78,58
826,Student_826,91,74
827,Student_827,60,83
828,Student_828,89,57
829,Student_829,73,93
830,Student_830,78,98
831,Student_831,73,76
832,Student_832,55,91
833,Student_833,87,68
834,Student_834,62,55
835,Student_835,77,65
836,Student_836,58,89
837,Student_837,77,76
838,Student_838,94,70
839,Student_839,51,90
840,Student_840,57,88
841,Student_841,79,54
842,Student_842,92,64
843,Student_843,80,72
844,Student_844,81,69
845,Student_845,88,59
846,Student_846,98,87
847,Student_847,94,97
848,Student_848,74,75
849,Student_849,61,65
850,Student_850,75,82
851,Student_851,92,84
852,Student_852,99,69
853,Student_853,78,58
854,Student_854,81,73
855,Student_855,62,98
856,Student_856,64,82
857,Student_857,93,82
858,Student_858,74,73
859,Student_859,56,59
860,Student_860,76,95
861,Student_861,68,91
862,Student_862,52,70
863,Student_863,80,56
864,Student_864,61,92
865,Student_865,71,85
866,Student_866,77,86
867,Student_867,61,62
868,Student_868,75,83
869,Student_869,86,69
870,Student_870,82,62
871,Student_871,53,55
872,Student_872,68,80
873,Student_873,53,52
874,Student_874,74,92
875,Student_875,78,82
876,Student_876,87,78
877,Student_877,51,71
878,Student_878,57,91
879,Student_879,63,100
880,Student_880,61,56
881,Student_881,57,59
882,Student_882,65,69
883,Student_883,77,80
884,Student_884,80,72
885,Student_885,89,71
886,Student_886,79,89
887,Student_887,78,75
888,Student_888,86,65
889,Student_889,56,68
890,Student_890,90,78
891,Student_891,81,95
892,Student_892,59,92
893,Student_893,99,65
894,Student_894,69,79
895,Student_895,59,71
896,Student_896,98,73
897,Student_897,72,67
898,Student_898,65,50
899,Student_899,63,85
900,Student_900,70,65
901,Student_901,72,88
902,Student_902,75,61
903,Student_903,75,65
904,Student_904,86,83
905,Student_905,86,52
906,Student_906,97,60
907,Student_907,87,60
908,Student_908,56,79
909,Student_909,88,56
910,Student_910,57,75
911,Student_911,82,69
912,Student_912,76,64
913,Student_913,60,98
914,Student_914,86,62
915,Student_915,63,83
916,Student_916,86,67
917,Student_917,57,53
918,Student_918,71,54
919,Student_919,69,72
920,Student_920,63,79
921,Student_921,58,58
922,Student_922,78,62
923,Student_923,52,99
924,Student_924,92,79
925,Student_925,90,61
926,Student_926,92,84
927,Student_927,87,94
928,Student_928,97,64
929,Student_929,67,76
930,Student_930,62,86
931,Student_931,90,79
932,Student_932,100,66
933,Student_933,76,89
934,Student_934,77,93
935,Student_935,97,55
936,Student_936,83,95
937,Student_937,96,78
938,Student_938,57,81
939,Student_939,56,93
940,Student_940,91,80
941,Student_941,71,83
942,Student_942,54,65
943,Student_943,58,80
944,Student_944,95,67
945,Student_945,51,95
946,Student_946,75,59
947,Student_947,79,83
948,Student_948,82,88
949,Student_949,90,81
950,Student_950,70,89
951,Student_951,89,93
952,Student_952,92,88
953,Student_953,90,99
954,Student_954,70,61
955,Student_955,94,100
956,Student_956,64,87
957,Student_957,58,86
958,Student_958,59,80
959,Student_959,92,69
960,Student_960,67,83
961,Student_961,68,90
962,Student_962,65,51
963,Student_963,61,89
964,Student_964,73,88
965,Student_965,51,91
966,Student_966,53,88
967,Student_967,71,57
968,Student_968,58,74
969,Student_969,87,94
970,Student_970,97,61
971,Student_971,92,66
972,Student_972,60,81
973,Student_973,82,59
974,Student_974,69,51
975,Student_975,88,94
976,Student_976,55,82
977,Student_977,69,56
978,Student_978,77,74
979,Student_979,72,52
980,Student_980,62,97
981,Student_981,67,65
982,Student_982,56,59
983,Student_983,78,97
984,Student_984,75,53
985,Student_985,97,94
986,Student_986,86,73
987,Student_987,51,62
988,Student_988,63,94
989,Student_989,95,94
990,Student_990,91,63
991,Student_991,86,60
992,Student_992,58,92
993,Student_993,56,55
994,Student_994,67,87
995,Student_995,81,59
996,Student_996,65,99
997,Student_997,73,98
998,Student_998,53,77
999,Student_999,65,54
1000,Student_1000,66,93
1001,Student_1001,51,98
1002,Student_1002,88,89
1003,Student_1003,93,74
1004,Student_1004,61,81
1005,Student_1005,56,62
1006,Student_1006,79,95
1007,Student_1007,65,87
1008,Student_1008,50,84
1009,Student_1009,97,74
1010,Student_1010,95,99
1011,Student_1011,71,82
1012,Student_1012,64,61
1013,Student_1013,76,96
1014,Student_1014,53,59
1015,Student_1015,95,69
1016,Student_1016,74,57
1017,Student_1017,68,67
1018,Student_1018,53,55
1019,Student_1019,78,62
1020,Student_1020,90,58
1021,Student_1021,50,57
1022,Student_1022,93,79
1023,Student_1023,96,94
1024,Student_1024,67,86
1025,Student_1025,81,66
1026,Student_1026,50,76
1027,Student_1027,78,63
1028,Student_1028,64,83
1029,Student_1029,97,52
1030,Student_1030,76,71
1031,Student_1031,64,96
1032,Student_1032,83,82
1033,Student_1033,100,100
1034,Student_1034,96,72
1035,Student_1035,57,85
1036,Student_1036,92,92
1037,Student_1037,57,98
1038,Student_1038,51,72
1039,Student_1039,86,94
1040,Student_1040,79,71
1041,Student_1041,81,95
1042,Student_1042,75,57
1043,Student_1043,54,85
1044,Student_1044,71,81
1045,Student_1045,54,63
1046,Student_1046,52,79
1047,Student_1047,98,67
1048,Student_1048,80,75
1049,Student_1049,93,52
1050,Student_1050,61,91
1051,Student_1051,73,65
1052,Student_1052,100,63
1053,Student_1053,86,100
1054,Student_1054,71,66
1055,Student_1055,74,89
1056,Student_1056,100,70
1057,Student_1057,90,73
1058,Student_1058,71,59
1059,Student_1059,78,82
1060,Student_1060,55,76
1061,Student_1061,50,83
1062,Student_1062,69,82
1063,Student_1063,97,88
1064,Student_1064,83,88
1065,Student_1065,87,86
1066,Student_1066,53,93
1067,Student_1067,92,56
1068,Student_1068,75,92
1069,Student_1069,77,57
1070,Student_1070,100,63
1071,Student_1071,96,85
1072,Student_1072,60,57
1073,Student_1073,86,87
1074,Student_1074,60,75
1075,Student_1075,100,78
1076,Student_1076,59,56
1077,Student_1077,58,92
1078,Student_1078,59,78
1079,Student_1079,82,87
1080,Student_1080,77,88
1081,Student_1081,77,84
1082,Student_1082,77,90
1083,Student_1083,60,96
1084,Student_1084,83,74
1085,Student_1085,100,93
1086,Student_1086,72,60
1087,Student_1087,74,73
1088,Student_1088,65,56
1089,Student_1089,83,72
1090,Student_1090,91,77
1091,Student_1091,61,75
1092,Student_1092,56,77
1093,Student_1093,70,71
1094,Student_1094,93,64
1095,Student_1095,81,67
1096,Student_1096,63,83
1097,Student_1097,57,68
1098,Student_1098,75,80
1099,Student_1099,55,95
1100,Student_1100,68,54
1101,Student_1101,60,53
1102,Student_1102,76,53
1103,Student_1103,77,75
1104,Student_1104,90,96
1105,Student_1105,91,86
1106,Student_1106,81,90
1107,Student_1107,86,67
1108,Student_1108,89,65
1109,Student_1109,55,60
1110,Student_1110,72,55
1111,Student_1111,54,58
1112,Student_1112,60,77
1113,Student_1113,62,71
1114,Student_1114,94,85
1115,Student_1115,63,67
1116,Student_1116,56,61
1117,Student_1117,65,84
1118,Student_1118,87,65
1119,Student_1119,55,61
1120,Student_1120,68,54
1121,Student_1121,97,78
1122,Student_1122,85,58
1123,Student_1123,87,60
1124,Student_1124,77,60
1125,Student_1125,96,93
1126,Student_1126,51,63
1127,Student_1127,65,86
1128,Student_1128,54,91
1129,Student_1129,71,66
1130,Student_1130,99,61
1131,Student_1131,55,93
1132,Student_1132,75,77
1133,Student_1133,58,69
1134,Student_1134,96,74
1135,Student_1135,88,63
1136,Student_1136,76,90
1137,Student_1137,99,100
1138,Student_1138,50,76
1139,Student_1139,73,77
1140,Student_1140,99,96
1141,Student_1141,61,91
1142,Student_1142,56,87
1143,Student_1143,91,85
1144,Student_1144,84,54
1145,Student_1145,77,53
1146,Student_1146,83,83
1147,Student_1147,67,74
1148,Student_1148,70,58
1149,Student_1149,59,96
1150,Student_1150,78,52
1151,Student_1151,80,87
1152,Student_1152,67,90
1153,Student_1153,63,57
1154,Student_1154,100,50
1155,Student_1155,80,96
1156,Student_1156,70,67
1157,Student_1157,75,87
1158,Student_1158,76,61
1159,Student_1159,75,75
1160,Student_1160,66,74
1161,Student_1161,63,50
1162,Student_1162,70,82
1163,Student_1163,95,98
1164,Student_1164,70,65
1165,Student_1165,65,63
1166,Student_1166,54,92
1167,Student_1167,85,59
1168,Student_1168,66,89
1169,Student_1169,61,64
1170,Student_1170,55,91
1171,Student_1171,86,89
1172,Student_1172,58,87
1173,Student_1173,87,55
1174,Student_1174,93,74
1175,Student_1175,52,66
1176,Student_1176,90,54
1177,Student_1177,96,67
1178,Student_1178,56,74
1179,Student_1179,50,66
1180,Student_1180,54,65
1181,Student_1181,88,80
1182,Student_1182,62,58
1183,Student_1183,74,100
1184,Student_1184,50,93
1185,Student_1185,70,91
1186,Student_1186,54,58
1187,Student_1187,82,84
1188,Student_1188,99,53
1189,Student_1189,83,72
1190,Student_1190,73,60
1191,Student_1191,50,88
1192,Student_1192,81,59
1193,Student_1193,61,86
1194,Student_1194,55,75
1195,Student_1195,87,70
1196,Student_1196,70,51
1197,Student_1197,89,97
1198,Student_1198,55,58
1199,Student_1199,83,96
1200,Student_1200,78,86
1201,Student_1201,86,78
1202,Student_1202,66,73
1203,Student_1203,93,94
1204,Student_1204,94,61
1205,Student_1205,87,90
1206,Student_1206,66,94
1207,Student_1207,72,96
1208,Student_1208,99,64
1209,Student_1209,62,50
1210,Student_1210,86,60
1211,Student_1211,67,76
1212,Student_1212,79,69
1213,Student_1213,100,98
1214,Student_1214,76,54
1215,Student_1215,70,90
1216,Student_1216,85,75
1217,Student_1217,95,76
1218,Student_1218,78,61
1219,Student_1219,51,62
1220,Student_1220,81,78
1221,Student_1221,82,61
1222,Student_1222,92,76
1223,Student_1223,94,50
1224,Student_1224,61,89
1225,Student_1225,92,61
1226,Student_1226,99,60
1227,Student_1227,77,60
1228,Student_1228,58,99
1229,Student_1229,87,52
1230,Student_1230,64,71
1231,Student_1231,57,94
1232,Student_1232,61,91
1233,Student_1233,78,69
1234,Student_1234,52,81
1235,Student_1235,69,77
1236,Student_1236,97,65
1237,Student_1237,68,50
1238,Student_1238,56,67
1239,Student_1239,82,57
1240,Student_1240,100,50
1241,Student_1241,56,93
1242,Student_1242,84,50
1243,Student_1243,81,99
1244,Student_1244,78,71
1245,Student_1245,68,58
1246,Student_1246,84,75
1247,Student_1247,73,83
1248,Student_1248,53,58
1249,Student_1249,93,83
1250,Student_1250,77,68
1251,Student_1251,85,72
1252,Student_1252,97,57
1253,Student_1253,71,81
1254,Student_1254,99,51
1255,Student_1255,80,69
1256,Student_1256,58,58
1257,Student_1257,60,55
1258,Student_1258,87,92
1259,Student_1259,61,80
1260,Student_1260,65,67
1261,Student_1261,80,78
1262,Student_1262,71,84
1263,Student_1263,83,60
1264,Student_1264,54,96
1265,Student_1265,79,61
1266,Student_1266,83,97
1267,Student_1267,57,61
1268,Student_1268,68,94
1269,Student_1269,84,98
1270,Student_1270,68,61
1271,Student_1271,76,70
1272,Student_1272,94,89
1273,Student_1273,66,89
1274,Student_1274,87,94
1275,Student_1275,67,86
1276,Student_1276,96,54
1277,Student_1277,59,82
1278,Student_1278,57,99
1279,Student_1279,74,64
1280,Student_1280,96,64
1281,Student_1281,77,93
1282,Student_1282,55,72
1283,Student_1283,70,50
1284,Student_1284,86,77
1285,Student_1285,83,100
1286,Student_1286,80,87
1287,Student_1287,61,55
1288,Student_1288,53,51
1289,Student_1289,72,54
1290,Student_1290,61,69
1291,Student_1291,70,90
1292,Student_1292,55,65
1293,Student_1293,95,81
1294,Student_1294,61,90
1295,Student_1295,69,56
1296,Student_1296,85,77
1297,Student_1297,86,97
1298,Student_1298,61,81
1299,Student_1299,76,95
1300,Student_1300,56,68
1301,Student_1301,83,69
1302,Student_1302,56,63
1303,Student_1303,53,81
1304,Student_1304,92,83
1305,Student_1305,72,81
1306,Student_1306,92,84
1307,Student_1307,66,96
1308,Student_1308,66,64
1309,Student_1309,56,67
1310,Student_1310,96,56
1311,Student_1311,99,100
1312,Student_1312,85,62
1313,Student_1313,77,64
1314,Student_1314,91,79
1315,Student_1315,96,89
1316,Student_1316,74,52
1317,Student_1317,99,56
1318,Student_1318,69,90
1319,Student_1319,76,60
1320,Student_1320,80,90
1321,Student_1321,92,50
1322,Student_1322,50,91
1323,Student_1323,79,100
1324,Student_1324,71,91
1325,Student_1325,82,77
1326,Student_1326,61,67
1327,Student_1327,52,77
1328,Student_1328,74,56
1329,Student_1329,51,71
1330,Student_1330,70,50
1331,Student_1331,77,63
1332,Student_1332,62,97
1333,Student_1333,62,68
1334,Student_1334,89,97
1335,Student_1335,100,85
1336,Student_1336,82,92
1337,Student_1337,81,74
1338,Student_1338,76,72
1339,Student_1339,67,83
1340,Student_1340,88,61
1341,Student_1341,83,65
1342,Student_1342,86,59
1343,Student_1343,76,53
1344,Student_1344,69,57
1345,Student_1345,71,94
1346,Student_1346,98,57
1347,Student_1347,66,99
1348,Student_1348,95,68
1349,Student_1349,88,96
1350,Student_1350,94,58
1351,Student_1351,55,84
1352,Student_1352,100,70
1353,Student_1353,63,100
1354,Student_1354,62,52
1355,Student_1355,77,73
1356,Student_1356,87,64
1357,Student_1357,91,96
1358,Student_1358,63,70
1359,Student_1359,65,76
1360,Student_1360,52,81
1361,Student_1361,67,65
1362,Student_1362,53,78
1363,Student_1363,53,74
1364,Student_1364,55,53
1365,Student_1365,56,55
1366,Student_1366,58,94
1367,Student_1367,82,63
1368,Student_1368,67,97
1369,Student_1369,71,57
1370,Student_1370,79,61
1371,Student_1371,68,67
1372,Student_1372,88,82
1373,Student_1373,56,95
1374,Student_1374,55,88
1375,Student_1375,76,58
1376,Student_1376,73,80
1377,Student_1377,55,57
1378,Student_1378,83,63
1379,Student_1379,90,87
1380,Student_1380,91,55
1381,Student_1381,71,50
1382,Student_1382,95,99
1383,Student_1383,78,78
1384,Student_1384,100,94
1385,Student_1385,53,68
1386,Student_1386,87,81
1387,Student_1387,91,87
1388,Student_1388,94,63
1389,Student_1389,83,75
1390,Student_1390,71,79
1391,Student_1391,73,94
1392,Student_1392,58,55
1393,Student_1393,97,94
1394,Student_1394,68,75
1395,Student_1395,83,78
1396,Student_1396,88,54
1397,Student_1397,76,88
1398,Student_1398,52,70
1399,Student_1399,75,72
1400,Student_1400,60,95
1401,Student_1401,90,89
1402,Student_1402,93,77
1403,Student_1403,89,52
1404,Student_1404,56,65
1405,Student_1405,77,68
1406,Student_1406,86,83
1407,Student_1407,98,56
1408,Student_1408,85,66
1409,Student_1409,83,89
1410,Student_1410,59,77
1411,Student_1411,57,82
1412,Student_1412,72,52
1413,Student_1413,50,60
1414,Student_1414,93,91
1415,Student_1415,68,70
1416,Student_1416,54,51
1417,Student_1417,50,52
1418,Student_1418,53,86
1419,Student_1419,68,54
1420,Student_1420,71,61
1421,Student_1421,91,67
1422,Student_1422,80,67
1423,Student_1423,87,61
1424,Student_1424,58,54
1425,Student_1425,50,65
1426,Student_1426,99,69
1427,Student_1427,98,56
1428,Student_1428,54,95
1429,Student_1429,68,80
1430,Student_1430,63,96
1431,Student_1431,95,88
1432,Student_1432,96,95
1433,Student_1433,54,51
1434,Student_1434,87,50
1435,Student_1435,50,55
1436,Student_1436,80,78
1437,Student_1437,57,80
1438,Student_1438,87,75
1439,Student_1439,80,52
1440,Student_1440,74,76
1441,Student_1441,100,57
1442,Student_1442,95,97
1443,Student_1443,76,97
1444,Student_1444,67,66
1445,Student_1445,65,70
1446,Student_1446,97,54
1447,Student_1447,77,67
1448,Student_1448,89,59
1449,Student_1449,67,50
1450,Student_1450,81,54
1451,Student_1451,84,96
1452,Student_1452,59,87
1453,Student_1453,62,93
1454,Student_1454,53,64
1455,Student_1455,63,97
1456,Student_1456,54,99
1457,Student_1457,62,71
1458,Student_1458,77,71
1459,Student_1459,74,67
1460,Student_1460,65,98
1461,Student_1461,88,98
1462,Student_1462,77,99
1463,Student_1463,80,80
1464,Student_1464,77,78
1465,Student_1465,99,54
1466,Student_1466,91,81
1467,Student_1467,78,63
1468,Student_1468,64,59
1469,Student_1469,84,86
1470,Student_1470,77,89
1471,Student_1471,84,64
1472,Student_1472,64,58
1473,Student_1473,81,92
1474,Student_1474,88,52
1475,Student_1475,56,92
1476,Student_1476,86,87
1477,Student_1477,52,63
1478,Student_1478,99,71
1479,Student_1479,56,96
1480,Student_1480,70,70
1481,Student_1481,90,56
1482,Student_1482,71,59
1483,Student_1483,53,77
1484,Student_1484,60,80
1485,Student_1485,96,82
1486,Student_1486,54,58
1487,Student_1487,52,99
1488,Student_1488,64,52
1489,Student_1489,51,62
1490,Student_1490,57,96
1491,Student_1491,76,63
1492,Student_1492,86,88
1493,Student_1493,56,98
1494,Student_1494,53,97
1495,Student_1495,58,100
1496,Student_1496,59,77
1497,Student_1497,57,91
1498,Student_1498,72,59
1499,Student_1499,90,66
1500,Student_1500,62,66
1501,Student_1501,51,79
1502,Student_1502,88,90
1503,Student_1503,70,74
1504,Student_1504,64,73
1505,Student_1505,80,50
1506,Student_1506,61,68
1507,Student_1507,97,79
1508,Student_1508,77,70
1509,Student_1509,99,76
1510,Student_1510,65,81
1511,Student_1511,83,73
1512,Student_1512,98,72
1513,Student_1513,95,66
1514,Student_1514,100,55
1515,Student_1515,99,54
1516,Student_1516,75,51
1517,Student_1517,74,51
1518,Student_1518,73,92
1519,Student_1519,91,53
1520,Student_1520,99,56
1521,Student_1521,97,92
1522,Student_1522,55,76
1523,Student_1523,75,54
1524,Student_1524,88,74
1525,Student_1525,58,73
1526,Student_1526,76,56
1527,Student_1527,91,87
1528,Student_1528,67,92
1529,Student_1529,79,100
1530,Student_1530,93,100
1531,Student_1531,82,69
1532,Student_1532,94,86
1533,Student_1533,72,55
1534,Student_1534,74,86
1535,Student_1535,76,87
1536,Student_1536,50,91
1537,Student_1537,88,93
1538,Student_1538,78,71
1539,Student_1539,71,61
1540,Student_1540,89,87
1541,Student_1541,69,71
1542,Student_1542,50,67
1543,Student_1543,66,95
1544,Student_1544,64,70
1545,Student_1545,57,65
1546,Student_1546,78,52
1547,Student_1547,80,60
1548,Student_1548,64,54
1549,Student_1549,77,98
1550,Student_1550,99,68
1551,Student_1551,50,83
1552,Student_1552,58,80
1553,Student_1553,67,92
1554,Student_1554,50,82
1555,Student_1555,56,90
1556,Student_1556,71,96
1557,Student_1557,74,85
1558,Student_1558,81,84
1559,Student_1559,60,68
1560,Student_1560,75,67
1561,Student_1561,96,96
1562,Student_1562,63,59
1563,Student_1563,71,69
1564,Student_1564,59,84
1565,Student_1565,63,77
1566,Student_1566,93,74
1567,Student_1567,75,74
1568,Student_1568,71,65
1569,Student_1569,91,65
1570,Student_1570,91,97
1571,Student_1571,87,50
1572,Student_1572,57,88
1573,Student_1573,88,52
1574,Student_1574,66,52
1575,Student_1575,53,95
1576,Student_1576,55,75
1577,Student_1577,91,69
1578,Student_1578,91,79
1579,Student_1579,58,73
1580,Student_1580,96,58
1581,Student_1581,82,99
1582,Student_1582,98,76
1583,Student_1583,79,75
1584,Student_1584,93,56
1585,Student_1585,65,91
1586,Student_1586,89,82
1587,Student_1587,59,88
1588,Student_1588,96,60
1589,Student_1589,87,54
1590,Student_1590,59,97
1591,Student_1591,50,71
1592,Student_1592,93,55
1593,Student_1593,82,69
1594,Student_1594,59,98
1595,Student_1595,66,55
1596,Student_1596,84,93
1597,Student_1597,68,78
1598,Student_1598,98,93
1599,Student_1599,81,92
1600,Student_1600,75,76
1601,Student_1601,80,64
1602,Student_1602,76,54
1603,Student_1603,93,84
1604,Student_1604,83,70
1605,Student_1605,93,93
1606,Student_1606,52,64
1607,Student_1607,72,83
1608,Student_1608,59,83
1609,Student_1609,61,90
1610,Student_1610,58,90
1611,Student_1611,55,95
1612,Student_1612,76,53
1613,Student_1613,79,66
1614,Student_1614,52,87
1615,Student_1615,51,65
1616,Student_1616,74,99
1617,Student_1617,88,67
1618,Student_1618,60,82
1619,Student_1619,65,58
1620,Student_1620,74,57
1621,Student_1621,79,87
1622,Student_1622,70,62
1623,Student_1623,88,99
1624,Student_1624,74,65
1625,Student_1625,53,67
1626,Student_1626,77,80
1627,Student_1627,93,88
1628,Student_1628,94,96
1629,Student_1629,84,100
1630,Student_1630,76,65
1631,Student_1631,90,92
1632,Student_1632,83,85
1633,Student_1633,86,80
1634,Student_1634,63,67
1635,Student_1635,91,68
1636,Student_1636,76,71
1637,Student_1637,83,60
1638,Student_1638,55,78
1639,Student_1639,64,73
1640,Student_1640,87,63
1641,Student_1641,60,58
1642,Student_1642,90,84
1643,Student_1643,80,78
1644,Student_1644,79,54
1645,Student_1645,71,61
1646,Student_1646,77,54
1647,Student_1647,59,55
1648,Student_1648,58,76
1649,Student_1649,82,55
1650,Student_1650,88,95
1651,Student_1651,92,53
1652,Student_1652,67,54
1653,Student_1653,93,97
1654,Student_1654,87,96
1655,Student_1655,64,77
1656,Student_1656,64,96
1657,Student_1657,56,71
1658,Student_1658,63,85
1659,Student_1659,77,76
1660,Student_1660,63,90
1661,Student_1661,57,61
1662,Student_1662,68,72
1663,Student_1663,52,98
1664,Student_1664,99,90
1665,Student_1665,57,51
1666,Student_1666,84,81
1667,Student_1667,56,97
1668,Student_1668,93,52
1669,Student_1669,95,100
1670,Student_1670,71,91
1671,Student_1671,71,95
1672,Student_1672,84,55
1673,Student_1673,54,62
1674,Student_1674,67,50
1675,Student_1675,89,90
1676,Student_1676,88,71
1677,Student_1677,82,99
1678,Student_1678,63,74
1679,Student_1679,97,82
1680,Student_1680,60,71
1681,Student_1681,64,82
1682,Student_1682,100,59
1683,Student_1683,76,98
1684,Student_1684,93,86
1685,Student_1685,58,69
1686,Student_1686,87,82
1687,Student_1687,95,92
1688,Student_1688,58,56
1689,Student_1689,58,58
1690,Student_1690,100,54
1691,Student_1691,93,66
1692,Student_1692,85,98
1693,Student_1693,98,81
1694,Student_1694,56,79
1695,Student_1695,84,60
1696,Student_1696,60,57
1697,Student_1697,63,79
1698,Student_1698,86,87
1699,Student_1699,62,88
1700,Student_1700,92,89
1701,Student_1701,52,89
1702,Student_1702,79,78
1703,Student_1703,95,66
1704,Student_1704,98,78
1705,Student_1705,98,51
1706,Student_1706,53,90
1707,Student_1707,56,61
1708,Student_1708,67,86
1709,Student_1709,68,62
1710,Student_1710,85,87
1711,Student_1711,86,84
1712,Student_1712,65,63
1713,Student_1713,80,86
1714,Student_1714,87,96
1715,Student_1715,75,53
1716,Student_1716,80,75
1717,Student_1717,84,66
1718,Student_1718,70,83
1719,Student_1719,95,100
1720,Student_1720,79,69
1721,Student_1721,80,66
1722,Student_1722,97,59
1723,Student_1723,63,63
1724,Student_1724,91,94
1725,Student_1725,58,73
1726,Student_1726,92,51
1727,Student_1727,98,66
1728,Student_1728,100,90
1729,Student_1729,51,74
1730,Student_1730,54,57
1731,Student_1731,60,51
1732,Student_1732,58,51
1733,Student_1733,64,81
1734,Student_1734,74,75
1735,Student_1735,79,51
1736,Student_1736,79,69
1737,Student_1737,90,86
1738,Student_1738,93,57
1739,Student_1739,59,95
1740,Student_1740,76,96
1741,Student_1741,75,78
1742,Student_1742,53,74
1743,Student_1743,77,69
1744,Student_1744,75,70
1745,Student_1745,99,90
1746,Student_1746,68,72
1747,Student_1747,74,85
1748,Student_1748,97,59
1749,Student_1749,69,83
1750,Student_1750,92,65
1751,Student_1751,63,89
1752,Student_1752,95,100
1753,Student_1753,50,88
1754,Student_1754,93,56
1755,Student_1755,98,87
1756,Student_1756,65,74
1757,Student_1757,81,69
1758,Student_1758,66,83
1759,Student_1759,68,94
1760,Student_1760,83,98
1761,Student_1761,53,77
1762,Student_1762,68,85
1763,Student_1763,51,68
1764,Student_1764,62,82
1765,Student_1765,69,76
1766,Student_1766,98,82
1767,Student_1767,94,87
1768,Student_1768,72,91
1769,Student_1769,67,87
1770,Student_1770,64,56
1771,Student_1771,53,79
1772,Student_1772,81,68
1773,Student_1773,87,92
1774,Student_1774,58,62
1775,Student_1775,95,82
1776,Student_1776,82,56
1777,Student_1777,67,55
1778,Student_1778,91,83
1779,Student_1779,81,87
1780,Student_1780,66,84
1781,Student_1781,85,89
1782,Student_1782,87,56
1783,Student_1783,76,57
1784,Student_1784,54,81
1785,Student_1785,86,85
1786,Student_1786,90,89
1787,Student_1787,87,56
1788,Student_1788,93,94
1789,Student_1789,90,92
1790,Student_1790,61,75
1791,Student_1791,97,90
1792,Student_1792,51,67
1793,Student_1793,70,98
1794,Student_1794,57,60
1795,Student_1795,99,76
1796,Student_1796,61,73
1797,Student_1797,91,53
1798,Student_1798,62,58
1799,Student_1799,90,78
1800,Student_1800,98,98
1801,Student_1801,73,54
1802,Student_1802,77,53
1803,Student_1803,88,58
1804,Student_1804,64,67
1805,Student_1805,91,68
1806,Student_1806,69,51
1807,Student_1807,85,51
1808,Student_1808,54,66
1809,Student_1809,98,80
1810,Student_1810,58,89
1811,Student_1811,54,94
1812,Student_1812,100,54
1813,Student_1813,98,60
1814,Student_1814,97,93
1815,Student_1815,89,98
1816,Student_1816,77,54
1817,Student_1817,82,50
1818,Student_1818,67,54
1819,Student_1819,84,96
1820,Student_1820,82,85
1821,Student_1821,84,84
1822,Student_1822,100,91
1823,Student_1823,75,69
1824,Student_1824,81,100
1825,Student_1825,71,77
1826,Student_1826,57,85
1827,Student_1827,68,99
1828,Student_1828,50,81
1829,Student_1829,86,94
1830,Student_1830,83,74
1831,Student_1831,66,56
1832,Student_1832,53,67
1833,Student_1833,76,72
1834,Student_1834,83,57
1835,Student_1835,94,90
1836,Student_1836,74,63
1837,Student_1837,88,86
1838,Student_1838,50,69
1839,Student_1839,57,89
1840,Student_1840,73,73
1841,Student_1841,76,57
1842,Student_1842,83,87
1843,Student_1843,78,53
1844,Student_1844,56,84
1845,Student_1845,67,67
1846,Student_1846,70,94
1847,Student_1847,90,76
1848,Student_1848,85,95
1849,Student_1849,58,69
1850,Student_1850,69,64
1851,Student_1851,79,84
1852,Student_1852,97,84
1853,Student_1853,82,92
1854,Student_1854,89,83
1855,Student_1855,62,85
1856,Student_1856,73,89
1857,Student_1857,96,67
1858,Student_1858,52,93
1859,Student_1859,66,73
1860,Student_1860,96,90
1861,Student_1861,69,70
1862,Student_1862,85,75
1863,Student_1863,70,89
1864,Student_1864,87,91
1865,Student_1865,61,68
1866,Student_1866,51,86
1867,Student_1867,66,90
1868,Student_1868,70,76
1869,Student_1869,94,57
1870,Student_1870,69,77
1871,Student_1871,66,79
1872,Student_1872,81,68
1873,Student_1873,91,62
1874,Student_1874,89,79
1875,Student_1875,97,51
1876,Student_1876,65,65
1877,Student_1877,56,65
1878,Student_1878,76,100
1879,Student_1879,63,84
1880,Student_1880,63,84
1881,Student_1881,91,59
1882,Student_1882,56,57
1883,Student_1883,92,80
1884,Student_1884,82,76
1885,Student_1885,90,84
1886,Student_1886,57,66
1887,Student_1887,80,63
1888,Student_1888,60,72
1889,Student_1889,67,82
1890,Student_1890,64,97
1891,Student_1891,72,96
1892,Student_1892,64,66
1893,Student_1893,73,73
1894,Student_1894,86,95
1895,Student_1895,75,99
1896,Student_1896,86,69
1897,Student_1897,59,61
1898,Student_1898,91,66
1899,Student_1899,93,91
1900,Student_1900,51,89
1901,Student_1901,82,57
1902,Student_1902,60,58
1903,Student_1903,52,83
1904,Student_1904,71,84
1905,Student_1905,59,58
1906,Student_1906,50,81
1907,Student_1907,98,63
1908,Student_1908,53,96
1909,Student_1909,81,91
1910,Student_1910,97,91
1911,Student_1911,54,63
1912,Student_1912,85,53
1913,Student_1913,63,50
1914,Student_1914,64,85
1915,Student_1915,88,72
1916,Student_1916,83,88
1917,Student_1917,57,60
1918,Student_1918,87,94
1919,Student_1919,97,84
1920,Student_1920,89,70
1921,Student_1921,50,67
1922,Student_1922,91,94
1923,Student_1923,82,61
1924,Student_1924,83,52
1925,Student_1925,73,70
1926,Student_1926,92,68
1927,Student_1927,65,61
1928,Student_1928,88,53
1929,Student_1929,97,82
1930,Student_1930,78,50
1931,Student_1931,64,80
1932,Student_1932,97,57
1933,Student_1933,87,72
1934,Student_1934,79,53
1935,Student_1935,52,83
1936,Student_1936,84,50
1937,Student_1937,75,89
1938,Student_1938,63,85
1939,Student_1939,74,65
1940,Student_1940,89,95
1941,Student_1941,74,78
1942,Student_1942,85,76
1943,Student_1943,62,95
1944,Student_1944,67,97
1945,Student_1945,99,69
1946,Student_1946,70,60
1947,Student_1947,63,85
1948,Student_1948,55,75
1949,Student_1949,98,74
1950,Student_1950,87,75
1951,Student_1951,58,64
1952,Student_1952,62,63
1953,Student_1953,95,83
1954,Student_1954,95,89
1955,Student_1955,80,75
1956,Student_1956,61,79
1957,Student_1957,79,54
1958,Student_1958,76,64
1959,Student_1959,83,95
1960,Student_1960,96,56
1961,Student_1961,59,64
1962,Student_1962,69,68
1963,Student_1963,70,55
1964,Student_1964,87,93
1965,Student_1965,66,90
1966,Student_1966,68,53
1967,Student_1967,70,78
1968,Student_1968,73,91
1969,Student_1969,65,85
1970,Student_1970,87,79
1971,Student_1971,92,52
1972,Student_1972,77,79
1973,Student_1973,65,87
1974,Student_1974,96,95
1975,Student_1975,69,68
1976,Student_1976,69,52
1977,Student_1977,52,94
1978,Student_1978,69,82
1979,Student_1979,73,72
1980,Student_1980,72,63
1981,Student_1981,89,94
1982,Student_1982,98,63
1983,Student_1983,88,68
1984,Student_1984,67,73
1985,Student_1985,53,82
1986,Student_1986,69,68
1987,Student_1987,59,69
1988,Student_1988,92,79
1989,Student_1989,68,77
1990,Student_1990,55,80
1991,Student_1991,92,100
1992,Student_1992,61,75
1993,Student_1993,96,54
1994,Student_1994,87,55
1995,Student_1995,65,71
1996,Student_1996,61,71
1997,Student_1997,81,77
1998,Student_1998,66,76
1999,Student_1999,71,90
2000,Student_2000,52,82
2001,Student_2001,72,55
2002,Student_2002,70,74
2003,Student_2003,84,97
2004,Student_2004,77,86
2005,Student_2005,71,76
2006,Student_2006,74,86
2007,Student_2007,67,81
2008,Student_2008,97,96
2009,Student_2009,71,70
2010,Student_2010,72,64
2011,Student_2011,57,86
2012,Student_2012,83,93
2013,Student_2013,67,55
2014,Student_2014,51,92
2015,Student_2015,88,88
2016,Student_2016,61,83
2017,Student_2017,65,90
2018,Student_2018,73,83
2019,Student_2019,89,57
2020,Student_2020,96,89
2021,Student_2021,79,85
2022,Student_2022,70,79
2023,Student_2023,82,76
2024,Student_2024,62,61
2025,Student_2025,62,61
2026,Student_2026,66,83
2027,Student_2027,70,97
2028,Student_2028,87,85
2029,Student_2029,68,69
2030,Student_2030,86,54
2031,Student_2031,70,86
2032,Student_2032,87,99
2033,Student_2033,90,57
2034,Student_2034,75,61
2035,Student_2035,50,81
2036,Student_2036,53,60
2037,Student_2037,97,56
2038,Student_2038,54,83
2039,Student_2039,58,68
2040,Student_2040,79,71
2041,Student_2041,79,92
2042,Student_2042,91,97
2043,Student_2043,73,92
2044,Student_2044,87,54
2045,Student_2045,96,68
2046,Student_2046,98,80
2047,Student_2047,80,88
2048,Student_2048,58,96
2049,Student_2049,69,84
2050,Student_2050,66,54
2051,Student_2051,95,81
2052,Student_2052,76,65
2053,Student_2053,68,80
2054,Student_2054,68,81
2055,Student_2055,98,88
2056,Student_2056,63,55
2057,Student_2057,73,74
2058,Student_2058,86,86
2059,Student_2059,87,78
2060,Student_2060,53,75
2061,Student_2061,77,100
2062,Student_2062,64,79
2063,Student_2063,84,92
2064,Student_2064,51,58
2065,Student_2065,91,86
2066,Student_2066,84,64
2067,Student_2067,72,79
2068,Student_2068,74,77
2069,Student_2069,98,89
2070,Student_2070,95,70
2071,Student_2071,66,50
2072,Student_2072,89,92
2073,Student_2073,91,85
2074,Student_2074,71,65
2075,Student_2075,94,62
2076,Student_2076,83,52
2077,Student_2077,82,53
2078,Student_2078,57,73
2079,Student_2079,53,69
2080,Student_2080,56,59
2081,Student_2081,82,83
2082,Student_2082,98,99
2083,Student_2083,60,55
2084,Student_2084,87,70
2085,Student_2085,85,55
2086,Student_2086,81,88
2087,Student_2087,65,88
2088,Student_2088,65,74
2089,Student_2089,74,100
2090,Student_2090,61,61
2091,Student_2091,58,83
2092,Student_2092,80,62
2093,Student_2093,87,66
2094,Student_2094,72,73
2095,Student_2095,60,92
2096,Student_2096,79,95
2097,Student_2097,70,65
2098,Student_2098,51,67
2099,Student_2099,64,57
2100,Student_2100,66,69
2101,Student_2101,63,58
2102,Student_2102,85,57
2103,Student_2103,55,57
2104,Student_2104,97,63
2105,Student_2105,55,57
2106,Student_2106,63,93
2107,Student_2107,51,61
2108,Student_2108,92,71
2109,Student_2109,90,91
2110,Student_2110,74,70
2111,Student_2111,56,91
2112,Student_2112,54,52
2113,Student_2113,68,68
2114,Student_2114,53,88
2115,Student_2115,87,83
2116,Student_2116,93,50
2117,Student_2117,89,54
2118,Student_2118,75,96
2119,Student_2119,88,78
2120,Student_2120,89,78
2121,Student_2121,96,60
2122,Student_2122,72,71
2123,Student_2123,92,77
2124,Student_2124,55,84
2125,Student_2125,99,55
2126,Student_2126,55,75
2127,Student_2127,87,54
2128,Student_2128,94,73
2129,Student_2129,89,100
2130,Student_2130,84,89
2131,Student_2131,53,52
2132,Student_2132,89,82
2133,Student_2133,86,80
2134,Student_2134,54,55
2135,Student_2135,55,91
2136,Student_2136,58,56
2137,Student_2137,60,50
2138,Student_2138,68,81
2139,Student_2139,73,97
2140,Student_2140,86,77
2141,Student_2141,77,68
2142,Student_2142,60,87
2143,Student_2143,65,93
2144,Student_2144,57,59
2145,Student_2145,67,92
2146,Student_2146,93,73
2147,Student_2147,96,70
2148,Student_2148,88,65
2149,Student_2149,95,50
2150,Student_2150,82,98
2151,Student_2151,52,57
2152,Student_2152,50,83
2153,Student_2153,73,58
2154,Student_2154,94,82
2155,Student_2155,50,74
2156,Student_2156,74,83
2157,Student_2157,53,84
2158,Student_2158,70,92
2159,Student_2159,94,89
2160,Student_2160,65,58
2161,Student_2161,98,93
2162,Student_2162,56,82
2163,Student_2163,69,70
2164,Student_2164,94,80
2165,Student_2165,88,64
2166,Student_2166,98,100
2167,Student_2167,94,72
2168,Student_2168,98,75
2169,Student_2169,78,60
2170,Student_2170,50,73
2171,Student_2171,75,69
2172,Student_2172,89,80
2173,Student_2173,82,75
2174,Student_2174,79,85
2175,Student_2175,85,97
2176,Student_2176,91,89
2177,Student_2177,52,68
2178,Student_2178,63,54
2179,Student_2179,78,61
2180,Student_2180,84,60
2181,Student_2181,66,51
2182,Student_2182,57,96
2183,Student_2183,98,76
2184,Student_2184,88,65
2185,Student_2185,77,54
2186,Student_2186,70,73
2187,Student_2187,60,100
2188,Student_2188,99,100
2189,Student_2189,68,82
2190,Student_2190,54,98
2191,Student_2191,59,50
2192,Student_2192,100,64
2193,Student_2193,81,62
2194,Student_2194,75,80
2195,Student_2195,99,55
2196,Student_2196,55,86
2197,Student_2197,70,87
2198,Student_2198,92,81
2199,Student_2199,98,68
2200,Student_2200,53,68
2201,Student_2201,90,77
2202,Student_2202,90,72
2203,Student_2203,51,100
2204,Student_2204,84,71
2205,Student_2205,71,53
2206,Student_2206,65,94
2207,Student_2207,52,54
2208,Student_2208,86,67
2209,Student_2209,72,53
2210,Student_2210,83,82
2211,Student_2211,90,52
2212,Student_2212,95,66
2213,Student_2213,51,52
2214,Student_2214,85,58
2215,Student_2215,62,87
2216,Student_2216,93,55
2217,Student_2217,72,57
2218,Student_2218,63,97
2219,Student_2219,82,78
2220,Student_2220,95,61
2221,Student_2221,89,78
2222,Student_2222,57,91
2223,Student_2223,61,71
2224,Student_2224,96,90
2225,Student_2225,74,59
2226,Student_2226,72,68
2227,Student_2227,69,85
2228,Student_2228,91,51
2229,Student_2229,93,50
2230,Student_2230,52,62
2231,Student_2231,77,72
2232,Student_2232,87,99
2233,Student_2233,65,90
2234,Student_2234,83,76
2235,Student_2235,62,59
2236,Student_2236,64,69
2237,Student_2237,70,77
2238,Student_2238,91,57
2239,Student_2239,89,85
2240,Student_2240,63,71
2241,Student_2241,63,84
2242,Student_2242,67,61
2243,Student_2243,92,59
2244,Student_2244,50,84
2245,Student_2245,61,51
2246,Student_2246,85,52
2247,Student_2247,64,84
2248,Student_2248,85,76
2249,Student_2249,61,84
2250,Student_2250,79,83
2251,Student_2251,88,69
2252,Student_2252,64,76
2253,Student_2253,95,50
2254,Student_2254,90,61
2255,Student_2255,57,85
2256,Student_2256,74,65
2257,Student_2257,88,89
2258,Student_2258,50,74
2259,Student_2259,80,54
2260,Student_2260,98,66
2261,Student_2261,92,80
2262,Student_2262,53,55
2263,Student_2263,69,50
2264,Student_2264,83,83
2265,Student_2265,50,92
2266,Student_2266,96,64
2267,Student_2267,56,98
2268,Student_2268,95,65
2269,Student_2269,65,66
2270,Student_2270,52,74
2271,Student_2271,71,61
2272,Student_2272,76,99
2273,Student_2273,50,53
2274,Student_2274,92,100
2275,Student_2275,61,74
2276,Student_2276,72,52
2277,Student_2277,57,70
2278,Student_2278,82,65
2279,Student_2279,63,85
2280,Student_2280,99,85
2281,Student_2281,67,82
2282,Student_2282,79,57
2283,Student_2283,93,69
2284,Student_2284,100,74
2285,Student_2285,98,51
2286,Student_2286,86,57
2287,Student_2287,65,74
2288,Student_2288,65,57
2289,Student_2289,52,89
2290,Student_2290,62,53
2291,Student_2291,95,72
2292,Student_2292,78,69
2293,Student_2293,61,51
2294,Student_2294,96,71
2295,Student_2295,81,75
2296,Student_2296,89,88
2297,Student_2297,76,79
2298,Student_2298,91,83
2299,Student_2299,65,67
2300,Student_2300,50,80
2301,Student_2301,64,68
2302,Student_2302,59,50
2303,Student_2303,65,76
2304,Student_2304,89,90
2305,Student_2305,93,76
2306,Student_2306,58,99
2307,Student_2307,86,75
2308,Student_2308,72,52
2309,Student_2309,86,51
2310,Student_2310,88,62
2311,Student_2311,81,97
2312,Student_2312,56,70
2313,Student_2313,97,72
2314,Student_2314,75,95
2315,Student_2315,95,61
2316,Student_2316,79,96
2317,Student_2317,95,52
2318,Student_2318,62,55
2319,Student_2319,81,60
2320,Student_2320,94,81
2321,Student_2321,74,99
2322,Student_2322,61,82
2323,Student_2323,70,88
2324,Student_2324,63,98
2325,Student_2325,71,75
2326,Student_2326,75,73
2327,Student_2327,53,79
2328,Student_2328,87,82
2329,Student_2329,92,93
2330,Student_2330,82,73
2331,Student_2331,66,70
2332,Student_2332,99,85
2333,Student_2333,94,60
2334,Student_2334,55,72
2335,Student_2335,53,76
2336,Student_2336,50,60
2337,Student_2337,73,62
2338,Student_2338,89,80
2339,Student_2339,72,91
2340,Student_2340,89,94
2341,Student_2341,71,89
2342,Student_2342,59,63
2343,Student_2343,77,94
2344,Student_2344,56,79
2345,Student_2345,97,95
2346,Student_2346,99,57
2347,Student_2347,83,65
2348,Student_2348,65,70
2349,Student_2349,55,60
2350,Student_2350,56,77
2351,Student_2351,50,73
2352,Student_2352,98,84
2353,Student_2353,67,75
2354,Student_2354,63,70
2355,Student_2355,61,59
2356,Student_2356,58,55
2357,Student_2357,92,86
2358,Student_2358,66,95
2359,Student_2359,80,83
2360,Student_2360,69,62
2361,Student_2361,100,81
2362,Student_2362,65,95
2363,Student_2363,97,52
2364,Student_2364,91,84
2365,Student_2365,72,75
2366,Student_2366,97,85
2367,Student_2367,66,73
2368,Student_2368,84,91
2369,Student_2369,92,54
2370,Student_2370,91,80
2371,Student_2371,67,50
2372,Student_2372,85,97
2373,Student_2373,89,80
2374,Student_2374,52,76
2375,Student_2375,86,57
2376,Student_2376,96,82
2377,Student_2377,55,83
2378,Student_2378,99,95
2379,Student_2379,80,66
2380,Student_2380,54,78
2381,Student_2381,96,75
2382,Student_2382,89,83
2383,Student_2383,67,78
2384,Student_2384,88,81
2385,Student_2385,67,68
2386,Student_2386,55,82
2387,Student_2387,67,51
2388,Student_2388,64,61
2389,Student_2389,52,96
2390,Student_2390,81,91
2391,Student_2391,76,92
2392,Student_2392,71,75
2393,Student_2393,81,93
2394,Student_2394,81,97
2395,Student_2395,56,57
2396,Student_2396,93,53
2397,Student_2397,76,61
2398,Student_2398,90,50
2399,Student_2399,53,65
2400,Student_2400,84,50
2401,Student_2401,97,99
2402,Student_2402,78,58
2403,Student_2403,78,62
2404,Student_2404,95,80
2405,Student_2405,52,81
2406,Student_2406,74,98
2407,Student_2407,75,93
2408,Student_2408,94,50
2409,Student_2409,54,83
2410,Student_2410,87,72
2411,Student_2411,99,80
2412,Student_2412,76,67
2413,Student_2413,83,76
2414,Student_2414,82,71
2415,Student_2415,70,81
2416,Student_2416,68,54
2417,Student_2417,54,61
2418,Student_2418,97,93
2419,Student_2419,91,81
2420,Student_2420,85,94
2421,Student_2421,83,72
2422,Student_2422,61,58
2423,Student_2423,83,86
2424,Student_2424,69,76
2425,Student_2425,85,84
2426,Student_2426,74,52
2427,Student_2427,88,62
2428,Student_2428,62,82
2429,Student_2429,61,53
2430,Student_2430,98,81
2431,Student_2431,100,77
2432,Student_2432,85,58
2433,Student_2433,60,84
2434,Student_2434,79,89
2435,Student_2435,64,61
2436,Student_2436,95,61
2437,Student_2437,93,73
2438,Student_2438,85,62
2439,Student_2439,64,80
2440,Student_2440,63,70
2441,Student_2441,80,100
2442,Student_2442,87,78
2443,Student_2443,54,75
2444,Student_2444,85,95
2445,Student_2445,56,78
2446,Student_2446,62,99
2447,Student_2447,82,76
2448,Student_2448,68,57
2449,Student_2449,96,92
2450,Student_2450,52,61
2451,Student_2451,86,65
2452,Student_2452,63,80
2453,Student_2453,67,87
2454,Student_2454,72,87
2455,Student_2455,96,72
2456,Student_2456,61,71
2457,Student_2457,70,95
2458,Student_2458,58,91
2459,Student_2459,65,88
2460,Student_2460,85,51
2461,Student_2461,73,54
2462,Student_2462,61,89
2463,Student_2463,76,97
2464,Student_2464,59,100
2465,Student_2465,78,67
2466,Student_2466,70,75
2467,Student_2467,92,99
2468,Student_2468,57,86
2469,Student_2469,67,91
2470,Student_2470,55,68
2471,Student_2471,100,97
2472,Student_2472,67,94
2473,Student_2473,63,56
2474,Student_2474,55,87
2475,Student_2475,96,92
2476,Student_2476,84,55
2477,Student_2477,87,67
2478,Student_2478,53,78
2479,Student_2479,77,73
2480,Student_2480,52,55
2481,Student_2481,96,93
2482,Student_2482,62,99
2483,Student_2483,98,88
2484,Student_2484,73,66
2485,Student_2485,95,59
2486,Student_2486,64,89
2487,Student_2487,90,60
2488,Student_2488,58,90
2489,Student_2489,77,100
2490,Student_2490,53,89
2491,Student_2491,62,98
2492,Student_2492,81,62
2493,Student_2493,87,88
2494,Student_2494,100,67
2495,Student_2495,84,80
2496,Student_2496,95,97
2497,Student_2497,67,94
2498,Student_2498,78,67
2499,Student_2499,50,77
2500,Student_2500,69,98
2501,Student_2501,79,63
2502,Student_2502,50,52
2503,Student_2503,87,74
2504,Student_2504,87,51
2505,Student_2505,58,76
2506,Student_2506,57,88
2507,Student_2507,81,60
2508,Student_2508,53,52
2509,Student_2509,71,87
2510,Student_2510,80,78
2511,Student_2511,78,74
2512,Student_2512,69,59
2513,Student_2513,64,91
2514,Student_2514,77,64
2515,Student_2515,91,51
2516,Student_2516,71,56
2517,Student_2517,76,85
2518,Student_2518,89,75
2519,Student_2519,95,65
2520,Student_2520,75,78
2521,Student_2521,79,79
2522,Student_2522,59,92
2523,Student_2523,84,79
2524,Student_2524,94,54
2525,Student_2525,51,57
2526,Student_2526,69,73
2527,Student_2527,83,57
2528,Student_2528,85,96
2529,Student_2529,62,99
2530,Student_2530,88,96
2531,Student_2531,84,68
2532,Student_2532,60,61
2533,Student_2533,58,75
2534,Student_2534,84,82
2535,Student_2535,100,99
2536,Student_2536,71,60
2537,Student_2537,66,61
2538,Student_2538,76,82
2539,Student_2539,82,83
2540,Student_2540,80,81
2541,Student_2541,81,56
2542,Student_2542,57,99
2543,Student_2543,97,73
2544,Student_2544,72,55
2545,Student_2545,67,51
2546,Student_2546,73,74
2547,Student_2547,62,97
2548,Student_2548,63,85
2549,Student_2549,67,70
2550,Student_2550,80,53
2551,Student_2551,69,50
2552,Student_2552,57,77
2553,Student_2553,56,65
2554,Student_2554,56,91
2555,Student_2555,62,68
2556,Student_2556,60,75
2557,Student_2557,69,61
2558,Student_2558,60,54
2559,Student_2559,89,82
2560,Student_2560,54,74
2561,Student_2561,83,85
2562,Student_2562,77,65
2563,Student_2563,58,72
2564,Student_2564,64,85
2565,Student_2565,84,82
2566,Student_2566,56,90
2567,Student_2567,63,62
2568,Student_2568,54,90
2569,Student_2569,99,79
2570,Student_2570,53,55
2571,Student_2571,96,91
2572,Student_2572,60,65
2573,Student_2573,56,76
2574,Student_2574,64,86
2575,Student_2575,65,76
2576,Student_2576,51,75
2577,Student_2577,88,91
2578,Student_2578,52,89
2579,Student_2579,78,100
2580,Student_2580,67,51
2581,Student_2581,75,72
2582,Student_2582,90,60
2583,Student_2583,68,93
2584,Student_2584,69,60
2585,Student_2585,100,78
2586,Student_2586,99,78
2587,Student_2587,51,69
2588,Student_2588,95,93
2589,Student_2589,75,83
2590,Student_2590,70,78
2591,Student_2591,66,92
2592,Student_2592,94,77
2593,Student_2593,53,66
2594,Student_2594,80,72
2595,Student_2595,60,82
2596,Student_2596,97,61
2597,Student_2597,56,62
2598,Student_2598,75,55
2599,Student_2599,79,61
2600,Student_2600,74,52
2601,Student_2601,64,69
2602,Student_2602,57,65
2603,Student_2603,73,81
2604,Student_2604,66,93
2605,Student_2605,51,93
2606,Student_2606,99,75
2607,Student_2607,63,79
2608,Student_2608,94,84
2609,Student_2609,54,55
2610,Student_2610,94,76
2611,Student_2611,84,53
2612,Student_2612,57,76
2613,Student_2613,90,79
2614,Student_2614,92,63
2615,Student_2615,96,85
2616,Student_2616,59,89
2617,Student_2617,71,82
2618,Student_2618,99,88
2619,Student_2619,82,79
2620,Student_2620,66,100
2621,Student_2621,70,57
2622,Student_2622,77,97
2623,Student_2623,95,64
2624,Student_2624,91,87
2625,Student_2625,66,83
2626,Student_2626,78,63
2627,Student_2627,70,75
2628,Student_2628,94,72
2629,Student_2629,74,81
2630,Student_2630,75,89
2631,Student_2631,52,68
2632,Student_2632,95,72
2633,Student_2633,67,87
2634,Student_2634,83,77
2635,Student_2635,96,61
2636,Student_2636,77,82
2637,Student_2637,72,89
2638,Student_2638,90,88
2639,Student_2639,100,78
2640,Student_2640,88,59
2641,Student_2641,73,100
2642,Student_2642,71,96
2643,Student_2643,72,71
2644,Student_2644,67,87
2645,Student_2645,82,74
2646,Student_2646,87,59
2647,Student_2647,57,84
2648,Student_2648,99,72
2649,Student_2649,96,58
2650,Student_2650,89,82
2651,Student_2651,83,98
2652,Student_2652,92,57
2653,Student_2653,52,68
2654,Student_2654,65,99
2655,Student_2655,98,68
2656,Student_2656,71,53
2657,Student_2657,61,65
2658,Student_2658,94,56
2659,Student_2659,62,50
2660,Student_2660,56,76
2661,Student_2661,61,63
2662,Student_2662,94,56
2663,Student_2663,60,53
2664,Student_2664,83,88
2665,Student_2665,50,79
2666,Student_2666,76,82
2667,Student_2667,91,80
2668,Student_2668,55,56
2669,Student_2669,99,66
2670,Student_2670,55,57
2671,Student_2671,76,90
2672,Student_2672,72,93
2673,Student_2673,62,82
2674,Student_2674,77,55
2675,Student_2675,68,71
2676,Student_2676,72,98
2677,Student_2677,63,78
2678,Student_2678,73,89
2679,Student_2679,100,56
2680,Student_2680,100,75
2681,Student_2681,100,87
2682,Student_2682,52,73
2683,Student_2683,62,80
2684,Student_2684,65,72
2685,Student_2685,84,76
2686,Student_2686,77,61
2687,Student_2687,51,100
2688,Student_2688,78,59
2689,Student_2689,85,66
2690,Student_2690,79,84
2691,Student_2691,67,56
2692,Student_2692,71,60
2693,Student_2693,84,72
2694,Student_2694,83,74
2695,Student_2695,53,60
2696,Student_2696,75,57
2697,Student_2697,85,60
2698,Student_2698,58,76
2699,Student_2699,76,90
2700,Student_2700,84,78
2701,Student_2701,95,78
2702,Student_2702,86,72
2703,Student_2703,98,52
2704,Student_2704,57,79
2705,Student_2705,70,62
2706,Student_2706,54,75
2707,Student_2707,81,72
2708,Student_2708,56,91
2709,Student_2709,98,70
2710,Student_2710,63,53
2711,Student_2711,87,90
2712,Student_2712,91,87
2713,Student_2713,61,75
2714,Student_2714,77,79
2715,Student_2715,73,76
2716,Student_2716,77,80
2717,Student_2717,83,76
2718,Student_2718,51,78
2719,Student_2719,89,83
2720,Student_2720,79,62
2721,Student_2721,67,55
2722,Student_2722,58,95
2723,Student_2723,90,73
2724,Student_2724,68,61
2725,Student_2725,75,60
2726,Student_2726,69,88
2727,Student_2727,82,83
2728,Student_2728,82,69
2729,Student_2729,68,81
2730,Student_2730,57,70
2731,Student_2731,74,91
2732,Student_2732,66,62
2733,Student_2733,67,72
2734,Student_2734,94,84
2735,Student_2735,59,94
2736,Student_2736,82,99
2737,Student_2737,80,68
2738,Student_2738,50,97
2739,Student_2739,91,68
2740,Student_2740,92,82
2741,Student_2741,97,89
2742,Student_2742,85,81
2743,Student_2743,60,93
2744,Student_2744,65,67
2745,Student_2745,81,67
2746,Student_2746,83,98
2747,Student_2747,62,84
2748,Student_2748,99,50
2749,Student_2749,74,55
2750,Student_2750,86,54
2751,Student_2751,70,56
2752,Student_2752,68,75
2753,Student_2753,75,97
2754,Student_2754,78,65
2755,Student_2755,72,69
2756,Student_2756,58,59
2757,Student_2757,70,80
2758,Student_2758,98,62
2759,Student_2759,67,92
2760,Student_2760,93,87
2761,Student_2761,56,88
2762,Student_2762,80,54
2763,Student_2763,67,96
2764,Student_2764,98,50
2765,Student_2765,69,63
2766,Student_2766,59,56
2767,Student_2767,78,84
2768,Student_2768,98,72
2769,Student_2769,81,62
2770,Student_2770,52,70
2771,Student_2771,65,65
2772,Student_2772,51,70
2773,Student_2773,100,61
2774,Student_2774,74,67
2775,Student_2775,59,86
2776,Student_2776,96,74
2777,Student_2777,59,60
2778,Student_2778,58,78
2779,Student_2779,75,63
2780,Student_2780,93,68
2781,Student_2781,52,93
2782,Student_2782,58,51
2783,Student_2783,63,69
2784,Student_2784,81,90
2785,Student_2785,86,68
2786,Student_2786,97,98
2787,Student_2787,61,87
2788,Student_2788,88,50
2789,Student_2789,89,73
2790,Student_2790,63,60
2791,Student_2791,75,93
2792,Student_2792,56,83
2793,Student_2793,91,56
2794,Student_2794,62,75
2795,Student_2795,76,62
2796,Student_2796,53,75
2797,Student_2797,76,55
2798,Student_2798,57,78
2799,Student_2799,75,96
2800,Student_2800,68,94
2801,Student_2801,68,96
2802,Student_2802,65,58
2803,Student_2803,70,93
2804,Student_2804,52,70
2805,Student_2805,91,93
2806,Student_2806,58,55
2807,Student_2807,60,99
2808,Student_2808,97,89
2809,Student_2809,65,60
2810,Student_2810,79,74
2811,Student_2811,68,85
2812,Student_2812,62,95
2813,Student_2813,62,52
2814,Student_2814,85,77
2815,Student_2815,93,55
2816,Student_2816,60,76
2817,Student_2817,59,81
2818,Student_2818,76,62
2819,Student_2819,80,72
2820,Student_2820,80,87
2821,Student_2821,75,96
2822,Student_2822,90,59
2823,Student_2823,71,58
2824,Student_2824,72,92
2825,Student_2825,95,99
2826,Student_2826,64,80
2827,Student_2827,79,79
2828,Student_2828,70,76
2829,Student_2829,79,51
2830,Student_2830,69,65
2831,Student_2831,52,72
2832,Student_2832,58,77
2833,Student_2833,59,89
2834,Student_2834,69,82
2835,Student_2835,84,64
2836,Student_2836,75,51
2837,Student_2837,57,56
2838,Student_2838,59,100
2839,Student_2839,84,64
2840,Student_2840,98,74
2841,Student_2841,73,58
2842,Student_2842,93,77
2843,Student_2843,86,53
2844,Student_2844,57,78
2845,Student_2845,53,81
2846,Student_2846,80,100
2847,Student_2847,65,100
2848,Student_2848,52,84
2849,Student_2849,95,82
2850,Student_2850,61,75
2851,Student_2851,95,57
2852,Student_2852,77,97
2853,Student_2853,63,65
2854,Student_2854,92,84
2855,Student_2855,93,83
2856,Student_2856,81,52
2857,Student_2857,56,74
2858,Student_2858,84,70
2859,Student_2859,56,95
2860,Student_2860,82,65
2861,Student_2861,81,51
2862,Student_2862,88,87
2863,Student_2863,55,53
2864,Student_2864,91,51
2865,Student_2865,87,99
2866,Student_2866,84,95
2867,Student_2867,54,56
2868,Student_2868,63,78
2869,Student_2869,77,86
2870,Student_2870,80,92
2871,Student_2871,72,81
2872,Student_2872,88,73
2873,Student_2873,57,79
2874,Student_2874,70,63
2875,Student_2875,59,91
2876,Student_2876,97,51
2877,Student_2877,73,94
2878,Student_2878,100,80
2879,Student_2879,53,71
2880,Student_2880,99,53
2881,Student_2881,58,56
2882,Student_2882,99,70
2883,Student_2883,55,83
2884,Student_2884,94,75
2885,Student_2885,76,76
2886,Student_2886,80,53
2887,Student_2887,89,62
2888,Student_2888,84,82
2889,Student_2889,61,90
2890,Student_2890,64,71
2891,Student_2891,77,98
2892,Student_2892,64,80
2893,Student_2893,94,50
2894,Student_2894,81,100
2895,Student_2895,77,67
2896,Student_2896,66,99
2897,Student_2897,85,54
2898,Student_2898,71,78
2899,Student_2899,50,87
2900,Student_2900,90,64
2901,Student_2901,72,60
2902,Student_2902,52,96
2903,Student_2903,80,52
2904,Student_2904,69,58
2905,Student_2905,78,57
2906,Student_2906,89,67
2907,Student_2907,66,93
2908,Student_2908,98,68
2909,Student_2909,87,86
2910,Student_2910,82,50
2911,Student_2911,80,83
2912,Student_2912,50,52
2913,Student_2913,60,61
2914,Student_2914,55,68
2915,Student_2915,60,86
2916,Student_2916,91,76
2917,Student_2917,74,57
2918,Student_2918,50,67
2919,Student_2919,64,77
2920,Student_2920,78,78
2921,Student_2921,96,82
2922,Student_2922,99,71
2923,Student_2923,59,54
2924,Student_2924,87,95
2925,Student_2925,78,92
2926,Student_2926,86,75
2927,Student_2927,76,51
2928,Student_2928,75,91
2929,Student_2929,57,86
2930,Student_2930,89,74
2931,Student_2931,100,76
2932,Student_2932,98,64
2933,Student_2933,54,94
2934,Student_2934,65,100
2935,Student_2935,95,76
2936,Student_2936,63,91
2937,Student_2937,69,84
2938,Student_2938,94,50
2939,Student_2939,57,94
2940,Student_2940,75,79
2941,Student_2941,59,64
2942,Student_2942,51,99
2943,Student_2943,68,75
2944,Student_2944,70,100
2945,Student_2945,57,50
2946,Student_2946,60,54
2947,Student_2947,92,84
2948,Student_2948,51,92
2949,Student_2949,82,66
2950,Student_2950,75,80
2951,Student_2951,93,68
2952,Student_2952,78,59
2953,Student_2953,68,59
2954,Student_2954,92,60
2955,Student_2955,53,80
2956,Student_2956,51,64
2957,Student_2957,75,90
2958,Student_2958,85,55
2959,Student_2959,100,74
2960,Student_2960,96,50
2961,Student_2961,58,87
2962,Student_2962,62,83
2963,Student_2963,87,91
2964,Student_2964,68,65
2965,Student_2965,62,70
2966,Student_2966,76,88
2967,Student_2967,53,75
2968,Student_2968,88,86
2969,Student_2969,63,81
2970,Student_2970,65,95
2971,Student_2971,63,81
2972,Student_2972,61,90
2973,Student_2973,73,54
2974,Student_2974,90,67
2975,Student_2975,56,87
2976,Student_2976,95,56
2977,Student_2977,67,76
2978,Student_2978,85,61
2979,Student_2979,89,52
2980,Student_2980,68,76
2981,Student_2981,81,57
2982,Student_2982,52,57
2983,Student_2983,63,53
2984,Student_2984,89,70
2985,Student_2985,81,88
2986,Student_2986,98,50
2987,Student_2987,59,92
2988,Student_2988,50,93
2989,Student_2989,75,83
2990,Student_2990,56,57
2991,Student_2991,68,58
2992,Student_2992,94,59
2993,Student_2993,97,90
2994,Student_2994,55,59
2995,Student_2995,54,65
2996,Student_2996,89,89
2997,Student_2997,95,76
2998,Student_2998,73,71
2999,Student_2999,69,58
3000,Student_3000,89,58
3001,Student_3001,75,98
3002,Student_3002,62,77
3003,Student_3003,96,92
3004,Student_3004,71,74
3005,Student_3005,59,78
3006,Student_3006,95,77
3007,Student_3007,53,95
3008,Student_3008,52,85
3009,Student_3009,75,84
3010,Student_3010,79,64
3011,Student_3011,69,51
3012,Student_3012,58,63
3013,Student_3013,99,65
3014,Student_3014,94,77
3015,Student_3015,54,97
3016,Student_3016,94,56
3017,Student_3017,87,96
3018,Student_3018,86,64
3019,Student_3019,86,74
3020,Student_3020,75,94
3021,Student_3021,58,64
3022,Student_3022,97,85
3023,Student_3023,71,73
3024,Student_3024,97,80
3025,Student_3025,89,51
3026,Student_3026,51,76
3027,Student_3027,62,89
3028,Student_3028,53,83
3029,Student_3029,67,53
3030,Student_3030,74,79
3031,Student_3031,79,100
3032,Student_3032,78,65
3033,Student_3033,73,65
3034,Student_3034,92,50
3035,Student_3035,70,57
3036,Student_3036,60,97
3037,Student_3037,63,90
3038,Student_3038,98,53
3039,Student_3039,70,55
3040,Student_3040,91,59
3041,Student_3041,72,95
3042,Student_3042,87,87
3043,Student_3043,56,51
3044,Student_3044,92,99
3045,Student_3045,99,74
3046,Student_3046,84,55
3047,Student_3047,90,85
3048,Student_3048,60,68
3049,Student_3049,64,97
3050,Student_3050,53,56
3051,Student_3051,60,65
3052,Student_3052,53,59
3053,Student_3053,54,69
3054,Student_3054,55,67
3055,Student_3055,72,55
3056,Student_3056,97,51
3057,Student_3057,77,83
3058,Student_3058,70,76
3059,Student_3059,78,93
3060,Student_3060,98,57
3061,Student_3061,51,60
3062,Student_3062,94,74
3063,Student_3063,94,97
3064,Student_3064,100,66
3065,Student_3065,68,93
3066,Student_3066,50,62
3067,Student_3067,52,66
3068,Student_3068,91,66
3069,Student_3069,76,75
3070,Student_3070,53,72
3071,Student_3071,52,86
3072,Student_3072,93,95
3073,Student_3073,62,69
3074,Student_3074,72,51
3075,Student_3075,91,66
3076,Student_3076,50,87
3077,Student_3077,55,58
3078,Student_3078,69,64
3079,Student_3079,70,62
3080,Student_3080,67,56
3081,Student_3081,97,58
3082,Student_3082,92,90
3083,Student_3083,60,60
3084,Student_3084,73,78
3085,Student_3085,89,84
3086,Student_3086,85,93
3087,Student_3087,74,89
3088,Student_3088,87,90
3089,Student_3089,95,68
3090,Student_3090,95,65
3091,Student_3091,84,96
3092,Student_3092,78,67
3093,Student_3093,88,96
3094,Student_3094,97,81
3095,Student_3095,77,63
3096,Student_3096,65,96
3097,Student_3097,71,95
3098,Student_3098,63,68
3099,Student_3099,93,82
3100,Student_3100,74,82
3101,Student_3101,71,62
3102,Student_3102,60,74
3103,Student_3103,86,58
3104,Student_3104,66,80
3105,Student_3105,80,88
3106,Student_3106,64,67
3107,Student_3107,82,53
3108,Student_3108,84,80
3109,Student_3109,100,96
3110,Student_3110,83,60
3111,Student_3111,93,59
3112,Student_3112,64,73
3113,Student_3113,92,50
3114,Student_3114,88,55
3115,Student_3115,59,98
3116,Student_3116,72,70
3117,Student_3117,95,69
3118,Student_3118,53,68
3119,Student_3119,78,64
3120,Student_3120,51,54
3121,Student_3121,76,68
3122,Student_3122,84,63
3123,Student_3123,93,88
3124,Student_3124,92,75
3125,Student_3125,89,90
3126,Student_3126,95,98
3127,Student_3127,57,66
3128,Student_3128,56,59
3129,Student_3129,60,77
3130,Student_3130,65,51
3131,Student_3131,98,91
3132,Student_3132,59,71
3133,Student_3133,77,98
3134,Student_3134,65,61
3135,Student_3135,88,72
3136,Student_3136,84,86
3137,Student_3137,83,72
3138,Student_3138,62,55
3139,Student_3139,74,55
3140,Student_3140,87,75
3141,Student_3141,99,100
3142,Student_3142,63,92
3143,Student_3143,69,63
3144,Student_3144,53,52
3145,Student_3145,63,68
3146,Student_3146,53,74
3147,Student_3147,55,84
3148,Student_3148,52,89
3149,Student_3149,64,52
3150,Student_3150,53,76
3151,Student_3151,60,51
3152,Student_3152,77,100
3153,Student_3153,86,67
3154,Student_3154,58,70
3155,Student_3155,94,59
3156,Student_3156,67,79
3157,Student_3157,71,79
3158,Student_3158,92,59
3159,Student_3159,72,68
3160,Student_3160,58,66
3161,Student_3161,73,60
3162,Student_3162,81,91
3163,Student_3163,98,68
3164,Student_3164,53,66
3165,Student_3165,89,94
3166,Student_3166,74,72
3167,Student_3167,77,58
3168,Student_3168,85,67
3169,Student_3169,90,52
3170,Student_3170,59,77
3171,Student_3171,54,75
3172,Student_3172,79,63
3173,Student_3173,75,61
3174,Student_3174,62,65
3175,Student_3175,70,97
3176,Student_3176,98,91
3177,Student_3177,76,58
3178,Student_3178,72,58
3179,Student_3179,55,50
3180,Student_3180,77,57
3181,Student_3181,61,76
3182,Student_3182,77,100
3183,Student_3183,63,63
3184,Student_3184,75,58
3185,Student_3185,50,99
3186,Student_3186,82,68
3187,Student_3187,66,62
3188,Student_3188,86,57
3189,Student_3189,100,78
3190,Student_3190,79,76
3191,Student_3191,66,79
3192,Student_3192,63,66
3193,Student_3193,94,53
3194,Student_3194,67,54
3195,Student_3195,58,64
3196,Student_3196,81,87
3197,Student_3197,60,98
3198,Student_3198,72,100
3199,Student_3199,60,64
3200,Student_3200,58,100
3201,Student_3201,50,85
3202,Student_3202,55,86
3203,Student_3203,83,62
3204,Student_3204,80,100
3205,Student_3205,81,74
3206,Student_3206,68,68
3207,Student_3207,54,85
3208,Student_3208,93,93
3209,Student_3209,95,81
3210,Student_3210,79,96
3211,Student_3211,77,75
3212,Student_3212,74,50
3213,Student_3213,51,96
3214,Student_3214,96,99
3215,Student_3215,81,91
3216,Student_3216,56,52
3217,Student_3217,96,71
3218,Student_3218,52,86
3219,Student_3219,76,100
3220,Student_3220,93,84
3221,Student_3221,66,74
3222,Student_3222,63,86
3223,Student_3223,86,76
3224,Student_3224,99,69
3225,Student_3225,73,94
3226,Student_3226,83,51
3227,Student_3227,76,72
3228,Student_3228,80,85
3229,Student_3229,52,93
3230,Student_3230,60,93
3231,Student_3231,60,60
3232,Student_3232,89,75
3233,Student_3233,63,53
3234,Student_3234,76,97
3235,Student_3235,94,85
3236,Student_3236,83,76
3237,Student_3237,89,78
3238,Student_3238,95,73
3239,Student_3239,54,99
3240,Student_3240,92,82
3241,Student_3241,93,67
3242,Student_3242,51,71
3243,Student_3243,54,84
3244,Student_3244,95,69
3245,Student_3245,72,68
3246,Student_3246,89,66
3247,Student_3247,97,57
3248,Student_3248,97,78
3249,Student_3249,85,71
3250,Student_3250,89,51
3251,Student_3251,56,53
3252,Student_3252,94,94
3253,Student_3253,78,66
3254,Student_3254,51,57
3255,Student_3255,81,80
3256,Student_3256,80,51
3257,Student_3257,67,75
3258,Student_3258,100,86
3259,Student_3259,53,90
3260,Student_3260,56,92
3261,Student_3261,84,50
3262,Student_3262,52,51
3263,Student_3263,87,73
3264,Student_3264,66,72
3265,Student_3265,87,75
3266,Student_3266,54,53
3267,Student_3267,52,67
3268,Student_3268,96,60
3269,Student_3269,92,61
3270,Student_3270,84,77
3271,Student_3271,54,58
3272,Student_3272,50,68
3273,Student_3273,69,56
3274,Student_3274,93,75
3275,Student_3275,85,93
3276,Student_3276,83,67
3277,Student_3277,59,71
3278,Student_3278,86,53
3279,Student_3279,71,54
3280,Student_3280,89,79
3281,Student_3281,98,82
3282,Student_3282,52,91
3283,Student_3283,87,84
3284,Student_3284,74,50
3285,Student_3285,77,84
3286,Student_3286,79,52
3287,Student_3287,64,81
3288,Student_3288,88,71
3289,Student_3289,69,53
3290,Student_3290,56,78
3291,Student_3291,88,66
3292,Student_3292,57,59
3293,Student_3293,98,71
3294,Student_3294,88,63
3295,Student_3295,71,82
3296,Student_3296,100,74
3297,Student_3297,63,51
3298,Student_3298,80,57
3299,Student_3299,54,89
3300,Student_3300,61,69
3301,Student_3301,72,76
3302,Student_3302,91,72
3303,Student_3303,57,89
3304,Student_3304,61,70
3305,Student_3305,64,81
3306,Student_3306,79,64
3307,Student_3307,60,55
3308,Student_3308,59,53
3309,Student_3309,93,97
3310,Student_3310,92,57
3311,Student_3311,72,58
3312,Student_3312,64,72
3313,Student_3313,83,58
3314,Student_3314,91,85
3315,Student_3315,73,60
3316,Student_3316,50,66
3317,Student_3317,93,53
3318,Student_3318,61,60
3319,Student_3319,72,78
3320,Student_3320,78,80
3321,Student_3321,57,93
3322,Student_3322,78,60
3323,Student_3323,99,81
3324,Student_3324,62,89
3325,Student_3325,84,88
3326,Student_3326,78,65
3327,Student_3327,54,51
3328,Student_3328,93,73
3329,Student_3329,67,99
3330,Student_3330,51,88
3331,Student_3331,92,72
3332,Student_3332,87,76
3333,Student_3333,86,51
3334,Student_3334,56,52
3335,Student_3335,90,62
3336,Student_3336,65,89
3337,Student_3337,66,82
3338,Student_3338,82,54
3339,Student_3339,96,65
3340,Student_3340,50,93
3341,Student_3341,56,72
3342,Student_3342,50,100
3343,Student_3343,75,53
3344,Student_3344,77,51
3345,Student_3345,91,63
3346,Student_3346,65,87
3347,Student_3347,91,55
3348,Student_3348,63,70
3349,Student_3349,94,55
3350,Student_3350,72,63
3351,Student_3351,80,52
3352,Student_3352,53,76
3353,Student_3353,52,57
3354,Student_3354,58,50
3355,Student_3355,99,59
3356,Student_3356,88,66
3357,Student_3357,59,80
3358,Student_3358,76,66
3359,Student_3359,88,75
3360,Student_3360,80,98
3361,Student_3361,57,70
3362,Student_3362,82,83
3363,Student_3363,69,54
3364,Student_3364,70,51
3365,Student_3365,93,94
3366,Student_3366,87,73
3367,Student_3367,62,74
3368,Student_3368,70,58
3369,Student_3369,93,75
3370,Student_3370,100,92
3371,Student_3371,90,69
3372,Student_3372,89,55
3373,Student_3373,54,71
3374,Student_3374,50,87
3375,Student_3375,91,72
3376,Student_3376,83,78
3377,Student_3377,57,62
3378,Student_3378,60,61
3379,Student_3379,62,59
3380,Student_3380,82,51
3381,Student_3381,90,80
3382,Student_3382,89,94
3383,Student_3383,79,75
3384,Student_3384,78,66
3385,Student_3385,91,72
3386,Student_3386,50,79
3387,Student_3387,66,86
3388,Student_3388,62,76
3389,Student_3389,74,83
3390,Student_3390,90,91
3391,Student_3391,98,80
3392,Student_3392,96,64
3393,Student_3393,80,54
3394,Student_3394,58,92
3395,Student_3395,83,62
3396,Student_3396,65,72
3397,Student_3397,67,58
3398,Student_3398,69,57
3399,Student_3399,65,74
3400,Student_3400,93,84
3401,Student_3401,100,92
3402,Student_3402,63,67
3403,Student_3403,98,86
3404,Student_3404,51,78
3405,Student_3405,88,95
3406,Student_3406,57,54
3407,Student_3407,51,55
3408,Student_3408,66,53
3409,Student_3409,84,83
3410,Student_3410,100,51
3411,Student_3411,92,75
3412,Student_3412,52,63
3413,Student_3413,53,84
3414,Student_3414,91,79
3415,Student_3415,85,67
3416,Student_3416,79,84
3417,Student_3417,66,84
3418,Student_3418,52,58
3419,Student_3419,51,64
3420,Student_3420,82,97
3421,Student_3421,68,86
3422,Student_3422,76,57
3423,Student_3423,50,62
3424,Student_3424,57,57
3425,Student_3425,93,56
3426,Student_3426,56,65
3427,Student_3427,67,81
3428,Student_3428,54,65
3429,Student_3429,91,95
3430,Student_3430,90,89
3431,Student_3431,84,79
3432,Student_3432,58,61
3433,Student_3433,90,70
3434,Student_3434,89,51
3435,Student_3435,64,94
3436,Student_3436,89,80
3437,Student_3437,53,53
3438,Student_3438,84,81
3439,Student_3439,66,97
3440,Student_3440,50,73
3441,Student_3441,85,84
3442,Student_3442,92,79
3443,Student_3443,64,75
3444,Student_3444,50,66
3445,Student_3445,63,58
3446,Student_3446,81,83
3447,Student_3447,69,78
3448,Student_3448,67,76
3449,Student_3449,87,60
3450,Student_3450,60,71
3451,Student_3451,50,76
3452,Student_3452,55,93
3453,Student_3453,61,81
3454,Student_3454,69,55
3455,Student_3455,98,70
3456,Student_3456,97,82
3457,Student_3457,98,96
3458,Student_3458,73,81
3459,Student_3459,91,71
3460,Student_3460,75,77
3461,Student_3461,93,66
3462,Student_3462,86,53
3463,Student_3463,85,75
3464,Student_3464,77,83
3465,Student_3465,76,71
3466,Student_3466,56,60
3467,Student_3467,95,74
3468,Student_3468,93,94
3469,Student_3469,92,80
3470,Student_3470,91,89
3471,Student_3471,86,55
3472,Student_3472,59,94
3473,Student_3473,92,88
3474,Student_3474,76,54
3475,Student_3475,78,55
3476,Student_3476,72,57
3477,Student_3477,72,99
3478,Student_3478,69,77
3479,Student_3479,96,96
3480,Student_3480,64,59
3481,Student_3481,70,60
3482,Student_3482,57,54
3483,Student_3483,68,55
3484,Student_3484,99,76
3485,Student_3485,56,52
3486,Student_3486,53,69
3487,Student_3487,88,75
3488,Student_3488,78,58
3489,Student_3489,89,50
3490,Student_3490,84,69
3491,Student_3491,91,97
3492,Student_3492,90,90
3493,Student_3493,81,57
3494,Student_3494,76,69
3495,Student_3495,100,90
3496,Student_3496,57,92
3497,Student_3497,74,53
3498,Student_3498,68,67
3499,Student_3499,55,96
3500,Student_3500,69,96
3501,Student_3501,71,86
3502,Student_3502,54,59
3503,Student_3503,70,99
3504,Student_3504,77,64
3505,Student_3505,65,81
3506,Student_3506,91,71
3507,Student_3507,93,89
3508,Student_3508,60,65
3509,Student_3509,59,91
3510,Student_3510,64,56
3511,Student_3511,56,62
3512,Student_3512,73,64
3513,Student_3513,68,63
3514,Student_3514,55,89
3515,Student_3515,64,81
3516,Student_3516,97,79
3517,Student_3517,83,57
3518,Student_3518,50,97
3519,Student_3519,55,98
3520,Student_3520,62,51
3521,Student_3521,96,96
3522,Student_3522,83,95
3523,Student_3523,54,57
3524,Student_3524,71,74
3525,Student_3525,97,82
3526,Student_3526,72,76
3527,Student_3527,90,60
3528,Student_3528,86,84
3529,Student_3529,60,53
3530,Student_3530,77,63
3531,Student_3531,75,91
3532,Student_3532,67,86
3533,Student_3533,94,66
3534,Student_3534,65,72
3535,Student_3535,93,55
3536,Student_3536,55,80
3537,Student_3537,59,80
3538,Student_3538,57,65
3539,Student_3539,55,94
3540,Student_3540,95,70
3541,Student_3541,55,69
3542,Student_3542,70,81
3543,Student_3543,66,94
3544,Student_3544,95,85
3545,Student_3545,76,92
3546,Student_3546,74,79
3547,Student_3547,75,54
3548,Student_3548,95,76
3549,Student_3549,59,66
3550,Student_3550,71,71
3551,Student_3551,62,69
3552,Student_3552,73,77
3553,Student_3553,50,76
3554,Student_3554,71,81
3555,Student_3555,71,90
3556,Student_3556,90,57
3557,Student_3557,72,70
3558,Student_3558,85,76
3559,Student_3559,64,72
3560,Student_3560,96,63
3561,Student_3561,68,53
3562,Student_3562,75,63
3563,Student_3563,71,65
3564,Student_3564,59,53
3565,Student_3565,98,91
3566,Student_3566,73,89
3567,Student_3567,57,59
3568,Student_3568,93,78
3569,Student_3569,70,78
3570,Student_3570,84,87
3571,Student_3571,62,75
3572,Student_3572,50,63
3573,Student_3573,54,96
3574,Student_3574,82,53
3575,Student_3575,97,74
3576,Student_3576,73,100
3577,Student_3577,87,82
3578,Student_3578,72,80
3579,Student_3579,100,79
3580,Student_3580,96,93
3581,Student_3581,97,94
3582,Student_3582,86,60
3583,Student_3583,86,83
3584,Student_3584,84,76
3585,Student_3585,92,98
3586,Student_3586,56,59
3587,Student_3587,95,78
3588,Student_3588,64,85
3589,Student_3589,54,89
3590,Student_3590,91,84
3591,Student_3591,92,58
3592,Student_3592,94,70
3593,Student_3593,52,81
3594,Student_3594,56,93
3595,Student_3595,63,76
3596,Student_3596,89,64
3597,Student_3597,73,57
3598,Student_3598,99,88
3599,Student_3599,88,88
3600,Student_3600,96,55
3601,Student_3601,65,88
3602,Student_3602,56,86
3603,Student_3603,54,72
3604,Student_3604,51,52
3605,Student_3605,70,71
3606,Student_3606,87,84
3607,Student_3607,83,52
3608,Student_3608,88,73
3609,Student_3609,97,83
3610,Student_3610,51,56
3611,Student_3611,98,58
3612,Student_3612,79,51
3613,Student_3613,67,54
3614,Student_3614,57,61
3615,Student_3615,85,55
3616,Student_3616,96,61
3617,Student_3617,59,66
3618,Student_3618,90,66
3619,Student_3619,100,50
3620,Student_3620,56,96
3621,Student_3621,73,96
3622,Student_3622,91,63
3623,Student_3623,91,84
3624,Student_3624,56,100
3625,Student_3625,65,58
3626,Student_3626,50,89
3627,Student_3627,79,81
3628,Student_3628,70,58
3629,Student_3629,98,86
3630,Student_3630,54,58
3631,Student_3631,95,74
3632,Student_3632,100,75
3633,Student_3633,54,67
3634,Student_3634,68,64
3635,Student_3635,59,62
3636,Student_3636,61,99
3637,Student_3637,87,53
3638,Student_3638,51,68
3639,Student_3639,67,65
3640,Student_3640,76,55
3641,Student_3641,53,99
3642,Student_3642,86,98
3643,Student_3643,55,98
3644,Student_3644,86,71
3645,Student_3645,96,97
3646,Student_3646,62,58
3647,Student_3647,84,67
3648,Student_3648,91,60
3649,Student_3649,83,90
3650,Student_3650,69,85
3651,Student_3651,63,72
3652,Student_3652,83,97
3653,Student_3653,52,87
3654,Student_3654,83,84
3655,Student_3655,59,51
3656,Student_3656,69,81
3657,Student_3657,96,80
3658,Student_3658,53,89
3659,Student_3659,98,69
3660,Student_3660,57,52
3661,Student_3661,65,80
3662,Student_3662,80,90
3663,Student_3663,57,78
3664,Student_3664,99,89
3665,Student_3665,59,65
3666,Student_3666,82,62
3667,Student_3667,63,85
3668,Student_3668,80,88
3669,Student_3669,74,85
3670,Student_3670,52,69
3671,Student_3671,59,97
3672,Student_3672,53,85
3673,Student_3673,83,78
3674,Student_3674,63,54
3675,Student_3675,55,59
3676,Student_3676,69,92
3677,Student_3677,85,69
3678,Student_3678,79,84
3679,Student_3679,79,71
3680,Student_3680,82,97
3681,Student_3681,78,63
3682,Student_3682,54,88
3683,Student_3683,61,87
3684,Student_3684,58,100
3685,Student_3685,75,90
3686,Student_3686,91,93
3687,Student_3687,58,90
3688,Student_3688,56,71
3689,Student_3689,56,62
3690,Student_3690,58,87
3691,Student_3691,58,70
3692,Student_3692,97,54
3693,Student_3693,85,89
3694,Student_3694,73,97
3695,Student_3695,90,93
3696,Student_3696,51,52
3697,Student_3697,78,73
3698,Student_3698,62,74
3699,Student_3699,75,82
3700,Student_3700,71,67
3701,Student_3701,82,66
3702,Student_3702,97,90
3703,Student_3703,78,98
3704,Student_3704,99,82
3705,Student_3705,92,60
3706,Student_3706,74,81
3707,Student_3707,66,92
3708,Student_3708,69,87
3709,Student_3709,59,55
3710,Student_3710,53,100
3711,Student_3711,95,96
3712,Student_3712,61,53
3713,Student_3713,80,92
3714,Student_3714,89,93
3715,Student_3715,61,77
3716,Student_3716,81,97
3717,Student_3717,75,64
3718,Student_3718,90,80
3719,Student_3719,92,55
3720,Student_3720,53,51
3721,Student_3721,98,100
3722,Student_3722,64,84
3723,Student_3723,72,96
3724,Student_3724,64,83
3725,Student_3725,64,100
3726,Student_3726,83,64
3727,Student_3727,72,100
3728,Student_3728,51,74
3729,Student_3729,52,75
3730,Student_3730,64,90
3731,Student_3731,71,95
3732,Student_3732,98,79
3733,Student_3733,90,63
3734,Student_3734,60,99
3735,Student_3735,58,100
3736,Student_3736,95,51
3737,Student_3737,65,83
3738,Student_3738,72,68
3739,Student_3739,79,100
3740,Student_3740,91,95
3741,Student_3741,56,86
3742,Student_3742,91,80
3743,Student_3743,70,85
3744,Student_3744,75,89
3745,Student_3745,65,65
3746,Student_3746,95,81
3747,Student_3747,97,92
3748,Student_3748,76,50
3749,Student_3749,63,77
3750,Student_3750,98,91
3751,Student_3751,55,56
3752,Student_3752,86,97
3753,Student_3753,64,67
3754,Student_3754,62,98
3755,Student_3755,98,85
3756,Student_3756,85,55
3757,Student_3757,88,94
3758,Student_3758,85,63
3759,Student_3759,71,83
3760,Student_3760,51,90
3761,Student_3761,66,76
3762,Student_3762,61,74
3763,Student_3763,71,85
3764,Student_3764,77,61
3765,Student_3765,59,50
3766,Student_3766,59,80
3767,Student_3767,72,100
3768,Student_3768,89,77
3769,Student_3769,63,51
3770,Student_3770,91,71
3771,Student_3771,81,97
3772,Student_3772,73,82
3773,Student_3773,51,63
3774,Student_3774,91,80
3775,Student_3775,60,89
3776,Student_3776,83,96
3777,Student_3777,72,76
3778,Student_3778,96,69
3779,Student_3779,96,65
3780,Student_3780,59,52
3781,Student_3781,80,82
3782,Student_3782,100,94
3783,Student_3783,71,83
3784,Student_3784,73,83
3785,Student_3785,85,70
3786,Student_3786,93,78
3787,Student_3787,56,74
3788,Student_3788,97,67
3789,Student_3789,73,59
3790,Student_3790,71,100
3791,Student_3791,86,75
3792,Student_3792,85,69
3793,Student_3793,54,74
3794,Student_3794,62,66
3795,Student_3795,74,95
3796,Student_3796,79,58
3797,Student_3797,87,50
3798,Student_3798,59,88
3799,Student_3799,78,91
3800,Student_3800,53,81
3801,Student_3801,92,55
3802,Student_3802,95,74
3803,Student_3803,68,75
3804,Student_3804,88,69
3805,Student_3805,90,82
3806,Student_3806,74,67
3807,Student_3807,73,50
3808,Student_3808,85,63
3809,Student_3809,83,85
3810,Student_3810,62,79
3811,Student_3811,85,79
3812,Student_3812,52,100
3813,Student_3813,98,61
3814,Student_3814,72,68
3815,Student_3815,63,94
3816,Student_3816,76,90
3817,Student_3817,55,60
3818,Student_3818,67,54
3819,Student_3819,92,61
3820,Student_3820,70,68
3821,Student_3821,58,73
3822,Student_3822,67,65
3823,Student_3823,78,93
3824,Student_3824,89,85
3825,Student_3825,59,74
3826,Student_3826,96,76
3827,Student_3827,55,99
3828,Student_3828,87,69
3829,Student_3829,94,100
3830,Student_3830,68,80
3831,Student_3831,70,58
3832,Student_3832,100,94
3833,Student_3833,66,56
3834,Student_3834,59,95
3835,Student_3835,81,89
3836,Student_3836,96,68
3837,Student_3837,68,95
3838,Student_3838,78,83
3839,Student_3839,78,52
3840,Student_3840,58,78
3841,Student_3841,57,89
3842,Student_3842,76,59
3843,Student_3843,75,97
3844,Student_3844,99,85
3845,Student_3845,95,90
3846,Student_3846,60,85
3847,Student_3847,83,92
3848,Student_3848,90,72
3849,Student_3849,50,91
3850,Student_3850,67,90
3851,Student_3851,61,96
3852,Student_3852,58,54
3853,Student_3853,82,57
3854,Student_3854,56,71
3855,Student_3855,95,79
3856,Student_3856,86,65
3857,Student_3857,50,64
3858,Student_3858,79,94
3859,Student_3859,81,93
3860,Student_3860,97,58
3861,Student_3861,82,69
3862,Student_3862,95,63
3863,Student_3863,59,57
3864,Student_3864,57,53
3865,Student_3865,59,97
3866,Student_3866,88,56
3867,Student_3867,96,62
3868,Student_3868,73,84
3869,Student_3869,61,54
3870,Student_3870,58,54
3871,Student_3871,85,62
3872,Student_3872,99,84
3873,Student_3873,85,63
3874,Student_3874,55,98
3875,Student_3875,81,92
3876,Student_3876,52,71
3877,Student_3877,69,74
3878,Student_3878,76,59
3879,Student_3879,90,52
3880,Student_3880,85,88
3881,Student_3881,56,86
3882,Student_3882,58,53
3883,Student_3883,70,79
3884,Student_3884,54,92
3885,Student_3885,51,66
3886,Student_3886,97,72
3887,Student_3887,67,72
3888,Student_3888,91,71
3889,Student_3889,54,52
3890,Student_3890,71,91
3891,Student_3891,69,75
3892,Student_3892,97,62
3893,Student_3893,50,50
3894,Student_3894,57,82
3895,Student_3895,74,53
3896,Student_3896,81,70
3897,Student_3897,50,54
3898,Student_3898,72,87
3899,Student_3899,58,91
3900,Student_3900,52,58
3901,Student_3901,68,59
3902,Student_3902,91,87
3903,Student_3903,59,84
3904,Student_3904,70,94
3905,Student_3905,87,100
3906,Student_3906,51,95
3907,Student_3907,74,69
3908,Student_3908,94,82
3909,Student_3909,64,55
3910,Student_3910,100,86
3911,Student_3911,62,69
3912,Student_3912,51,54
3913,Student_3913,69,74
3914,Student_3914,87,72
3915,Student_3915,86,89
3916,Student_3916,70,81
3917,Student_3917,51,60
3918,Student_3918,81,70
3919,Student_3919,77,67
3920,Student_3920,97,91
3921,Student_3921,70,63
3922,Student_3922,93,82
3923,Student_3923,80,54
3924,Student_3924,51,82
3925,Student_3925,56,89
3926,Student_3926,79,81
3927,Student_3927,63,76
3928,Student_3928,84,85
3929,Student_3929,78,58
3930,Student_3930,63,71
3931,Student_3931,60,78
3932,Student_3932,51,55
3933,Student_3933,99,51
3934,Student_3934,82,62
3935,Student_3935,75,62
3936,Student_3936,75,51
3937,Student_3937,74,67
3938,Student_3938,76,77
3939,Student_3939,59,66
3940,Student_3940,54,100
3941,Student_3941,99,72
3942,Student_3942,78,76
3943,Student_3943,98,100
3944,Student_3944,76,81
3945,Student_3945,74,55
3946,Student_3946,87,66
3947,Student_3947,82,82
3948,Student_3948,81,84
3949,Student_3949,69,100
3950,Student_3950,99,98
3951,Student_3951,93,92
3952,Student_3952,54,99
3953,Student_3953,71,64
3954,Student_3954,79,53
3955,Student_3955,60,66
3956,Student_3956,72,98
3957,Student_3957,80,68
3958,Student_3958,84,71
3959,Student_3959,69,88
3960,Student_3960,83,83
3961,Student_3961,96,92
3962,Student_3962,86,99
3963,Student_3963,69,97
3964,Student_3964,93,57
3965,Student_3965,55,93
3966,Student_3966,86,52
3967,Student_3967,55,68
3968,Student_3968,70,83
3969,Student_3969,96,79
3970,Student_3970,95,53
3971,Student_3971,78,72
3972,Student_3972,56,79
3973,Student_3973,74,66
3974,Student_3974,77,88
3975,Student_3975,51,54
3976,Student_3976,59,59
3977,Student_3977,78,59
3978,Student_3978,68,100
3979,Student_3979,54,78
3980,Student_3980,67,92
3981,Student_3981,86,91
3982,Student_3982,57,56
3983,Student_3983,73,83
3984,Student_3984,62,59
3985,Student_3985,81,56
3986,Student_3986,92,93
3987,Student_3987,51,91
3988,Student_3988,70,86
3989,Student_3989,85,80
3990,Student_3990,72,82
3991,Student_3991,69,79
3992,Student_3992,90,65
3993,Student_3993,90,63
3994,Student_3994,91,94
3995,Student_3995,95,72
3996,Student_3996,91,96
3997,Student_3997,85,55
3998,Student_3998,99,79
3999,Student_3999,89,95
4000,Student_4000,84,94
4001,Student_4001,83,63
4002,Student_4002,62,70
4003,Student_4003,51,53
4004,Student_4004,75,81
4005,Student_4005,61,71
4006,Student_4006,72,75
4007,Student_4007,71,57
4008,Student_4008,81,90
4009,Student_4009,95,98
4010,Student_4010,84,98
4011,Student_4011,88,74
4012,Student_4012,78,65
4013,Student_4013,86,75
4014,Student_4014,94,73
4015,Student_4015,83,92
4016,Student_4016,85,95
4017,Student_4017,53,89
4018,Student_4018,57,92
4019,Student_4019,85,62
4020,Student_4020,80,99
4021,Student_4021,77,95
4022,Student_4022,85,79
4023,Student_4023,83,72
4024,Student_4024,64,71
4025,Student_4025,51,61
4026,Student_4026,66,51
4027,Student_4027,89,61
4028,Student_4028,54,56
4029,Student_4029,92,50
4030,Student_4030,84,65
4031,Student_4031,61,82
4032,Student_4032,61,54
4033,Student_4033,98,70
4034,Student_4034,59,84
4035,Student_4035,61,98
4036,Student_4036,85,56
4037,Student_4037,50,51
4038,Student_4038,64,66
4039,Student_4039,58,70
4040,Student_4040,95,63
4041,Student_4041,90,78
4042,Student_4042,93,64
4043,Student_4043,70,85
4044,Student_4044,70,83
4045,Student_4045,56,89
4046,Student_4046,50,100
4047,Student_4047,93,95
4048,Student_4048,78,55
4049,Student_4049,58,63
4050,Student_4050,75,97
4051,Student_4051,79,95
4052,Student_4052,58,52
4053,Student_4053,89,89
4054,Student_4054,90,75
4055,Student_4055,68,95
4056,Student_4056,92,67
4057,Student_4057,97,67
4058,Student_4058,70,60
4059,Student_4059,51,74
4060,Student_4060,86,90
4061,Student_4061,100,62
4062,Student_4062,67,73
4063,Student_4063,93,54
4064,Student_4064,66,98
4065,Student_4065,50,95
4066,Student_4066,97,89
4067,Student_4067,53,79
4068,Student_4068,66,72
4069,Student_4069,60,51
4070,Student_4070,85,82
4071,Student_4071,76,87
4072,Student_4072,54,60
4073,Student_4073,80,82
4074,Student_4074,93,75
4075,Student_4075,81,70
4076,Student_4076,70,92
4077,Student_4077,68,64
4078,Student_4078,54,87
4079,Student_4079,57,53
4080,Student_4080,65,85
4081,Student_4081,75,94
4082,Student_4082,62,77
4083,Student_4083,72,80
4084,Student_4084,57,68
4085,Student_4085,79,88
4086,Student_4086,76,86
4087,Student_4087,79,89
4088,Student_4088,52,98
4089,Student_4089,77,74
4090,Student_4090,90,83
4091,Student_4091,54,59
4092,Student_4092,78,75
4093,Student_4093,81,55
4094,Student_4094,76,87
4095,Student_4095,50,88
4096,Student_4096,89,57
4097,Student_4097,84,75
4098,Student_4098,58,77
4099,Student_4099,88,89
4100,Student_4100,77,60
4101,Student_4101,81,60
4102,Student_4102,53,55
4103,Student_4103,78,80
4104,Student_4104,91,76
4105,Student_4105,88,63
4106,Student_4106,83,61
4107,Student_4107,56,64
4108,Student_4108,74,85
4109,Student_4109,91,62
4110,Student_4110,50,77
4111,Student_4111,59,54
4112,Student_4112,57,99
4113,Student_4113,97,56
4114,Student_4114,84,61
4115,Student_4115,62,55
4116,Student_4116,53,92
4117,Student_4117,92,81
4118,Student_4118,89,64
4119,Student_4119,99,97
4120,Student_4120,65,89
4121,Student_4121,55,59
4122,Student_4122,59,79
4123,Student_4123,99,86
4124,Student_4124,52,56
4125,Student_4125,65,76
4126,Student_4126,62,56
4127,Student_4127,64,63
4128,Student_4128,83,90
4129,Student_4129,81,57
4130,Student_4130,78,96
4131,Student_4131,85,82
4132,Student_4132,71,79
4133,Student_4133,98,94
4134,Student_4134,89,51
4135,Student_4135,56,52
4136,Student_4136,65,62
4137,Student_4137,67,65
4138,Student_4138,69,57
4139,Student_4139,78,85
4140,Student_4140,99,96
4141,Student_4141,63,78
4142,Student_4142,87,61
4143,Student_4143,83,74
4144,Student_4144,84,88
4145,Student_4145,94,70
4146,Student_4146,76,57
4147,Student_4147,72,92
4148,Student_4148,92,51
4149,Student_4149,89,74
4150,Student_4150,52,85
4151,Student_4151,94,50
4152,Student_4152,90,53
4153,Student_4153,73,68
4154,Student_4154,50,81
4155,Student_4155,66,87
4156,Student_4156,71,72
4157,Student_4157,72,89
4158,Student_4158,93,61
4159,Student_4159,88,80
4160,Student_4160,61,93
4161,Student_4161,80,68
4162,Student_4162,71,54
4163,Student_4163,88,90
4164,Student_4164,82,81
4165,Student_4165,86,76
4166,Student_4166,52,77
4167,Student_4167,52,72
4168,Student_4168,93,75
4169,Student_4169,55,98
4170,Student_4170,58,76
4171,Student_4171,88,85
4172,Student_4172,87,50
4173,Student_4173,82,92
4174,Student_4174,97,51
4175,Student_4175,74,81
4176,Student_4176,61,88
4177,Student_4177,59,70
4178,Student_4178,90,96
4179,Student_4179,54,61
4180,Student_4180,56,61
4181,Student_4181,83,54
4182,Student_4182,79,94
4183,Student_4183,61,96
4184,Student_4184,57,69
4185,Student_4185,84,52
4186,Student_4186,86,64
4187,Student_4187,93,70
4188,Student_4188,51,72
4189,Student_4189,58,65
4190,Student_4190,85,81
4191,Student_4191,96,90
4192,Student_4192,75,57
4193,Student_4193,87,60
4194,Student_4194,64,60
4195,Student_4195,100,98
4196,Student_4196,70,55
4197,Student_4197,91,55
4198,Student_4198,99,71
4199,Student_4199,50,89
4200,Student_4200,62,93
4201,Student_4201,86,59
4202,Student_4202,86,69
4203,Student_4203,54,83
4204,Student_4204,58,69
4205,Student_4205,96,98
4206,Student_4206,53,70
4207,Student_4207,96,88
4208,Student_4208,94,75
4209,Student_4209,86,61
4210,Student_4210,52,86
4211,Student_4211,57,79
4212,Student_4212,62,87
4213,Student_4213,89,96
4214,Student_4214,83,65
4215,Student_4215,76,97
4216,Student_4216,84,73
4217,Student_4217,82,87
4218,Student_4218,80,65
4219,Student_4219,82,84
4220,Student_4220,74,66
4221,Student_4221,66,77
4222,Student_4222,85,96
4223,Student_4223,90,67
4224,Student_4224,89,80
4225,Student_4225,56,94
4226,Student_4226,69,76
4227,Student_4227,69,51
4228,Student_4228,78,99
4229,Student_4229,64,99
4230,Student_4230,61,88
4231,Student_4231,82,69
4232,Student_4232,95,69
4233,Student_4233,63,65
4234,Student_4234,79,93
4235,Student_4235,57,87
4236,Student_4236,82,58
4237,Student_4237,90,58
4238,Student_4238,71,53
4239,Student_4239,54,86
4240,Student_4240,52,100
4241,Student_4241,78,96
4242,Student_4242,66,73
4243,Student_4243,52,63
4244,Student_4244,77,82
4245,Student_4245,83,77
4246,Student_4246,67,91
4247,Student_4247,75,93
4248,Student_4248,94,92
4249,Student_4249,61,73
4250,Student_4250,52,99
4251,Student_4251,95,88
4252,Student_4252,54,62
4253,Student_4253,57,67
4254,Student_4254,77,68
4255,Student_4255,68,87
4256,Student_4256,85,75
4257,Student_4257,72,57
4258,Student_4258,61,83
4259,Student_4259,72,96
4260,Student_4260,90,72
4261,Student_4261,97,58
4262,Student_4262,54,89
4263,Student_4263,78,93
4264,Student_4264,52,54
4265,Student_4265,89,95
4266,Student_4266,98,81
4267,Student_4267,64,92
4268,Student_4268,76,54
4269,Student_4269,85,90
4270,Student_4270,71,91
4271,Student_4271,91,95
4272,Student_4272,58,64
4273,Student_4273,81,94
4274,Student_4274,87,82
4275,Student_4275,88,71
4276,Student_4276,98,95
4277,Student_4277,51,65
4278,Student_4278,95,69
4279,Student_4279,69,51
4280,Student_4280,89,58
4281,Student_4281,78,100
4282,Student_4282,91,93
4283,Student_4283,62,93
4284,Student_4284,59,78
4285,Student_4285,70,77
4286,Student_4286,59,75
4287,Student_4287,71,50
4288,Student_4288,70,70
4289,Student_4289,67,90
4290,Student_4290,70,53
4291,Student_4291,87,63
4292,Student_4292,81,61
4293,Student_4293,90,74
4294,Student_4294,67,97
4295,Student_4295,96,62
4296,Student_4296,77,95
4297,Student_4297,92,54
4298,Student_4298,93,54
4299,Student_4299,99,95
4300,Student_4300,72,59
4301,Student_4301,99,91
4302,Student_4302,90,96
4303,Student_4303,83,75
4304,Student_4304,69,93
4305,Student_4305,56,75
4306,Student_4306,75,92
4307,Student_4307,67,55
4308,Student_4308,93,67
4309,Student_4309,93,56
4310,Student_4310,92,53
4311,Student_4311,57,58
4312,Student_4312,96,60
4313,Student_4313,51,80
4314,Student_4314,94,93
4315,Student_4315,50,74
4316,Student_4316,87,58
4317,Student_4317,97,69
4318,Student_4318,69,90
4319,Student_4319,54,58
4320,Student_4320,97,52
4321,Student_4321,79,66
4322,Student_4322,73,97
4323,Student_4323,79,67
4324,Student_4324,93,81
4325,Student_4325,99,79
4326,Student_4326,63,67
4327,Student_4327,88,58
4328,Student_4328,63,96
4329,Student_4329,76,85
4330,Student_4330,58,75
4331,Student_4331,66,51
4332,Student_4332,80,92
4333,Student_4333,86,57
4334,Student_4334,73,80
4335,Student_4335,56,62
4336,Student_4336,88,51
4337,Student_4337,77,90
4338,Student_4338,64,84
4339,Student_4339,52,73
4340,Student_4340,85,79
4341,Student_4341,56,90
4342,Student_4342,72,70
4343,Student_4343,78,62
4344,Student_4344,97,70
4345,Student_4345,76,68
4346,Student_4346,82,91
4347,Student_4347,95,78
4348,Student_4348,80,81
4349,Student_4349,65,86
4350,Student_4350,98,77
4351,Student_4351,94,76
4352,Student_4352,64,51
4353,Student_4353,66,76
4354,Student_4354,97,78
4355,Student_4355,91,85
4356,Student_4356,77,70
4357,Student_4357,59,87
4358,Student_4358,97,95
4359,Student_4359,99,80
4360,Student_4360,93,96
4361,Student_4361,66,95
4362,Student_4362,85,97
4363,Student_4363,99,81
4364,Student_4364,79,96
4365,Student_4365,61,64
4366,Student_4366,67,87
4367,Student_4367,97,86
4368,Student_4368,73,50
4369,Student_4369,86,79
4370,Student_4370,96,54
4371,Student_4371,72,66
4372,Student_4372,81,92
4373,Student_4373,64,86
4374,Student_4374,52,85
4375,Student_4375,69,72
4376,Student_4376,99,82
4377,Student_4377,68,86
4378,Student_4378,91,77
4379,Student_4379,51,63
4380,Student_4380,94,55
4381,Student_4381,92,53
4382,Student_4382,72,99
4383,Student_4383,76,54
4384,Student_4384,50,94
4385,Student_4385,80,71
4386,Student_4386,52,80
4387,Student_4387,51,81
4388,Student_4388,51,78
4389,Student_4389,71,97
4390,Student_4390,85,91
4391,Student_4391,80,67
4392,Student_4392,58,60
4393,Student_4393,53,85
4394,Student_4394,54,67
4395,Student_4395,80,98
4396,Student_4396,66,79
4397,Student_4397,61,54
4398,Student_4398,68,93
4399,Student_4399,86,51
4400,Student_4400,70,85
4401,Student_4401,88,57
4402,Student_4402,62,79
4403,Student_4403,72,64
4404,Student_4404,77,74
4405,Student_4405,100,96
4406,Student_4406,88,91
4407,Student_4407,93,98
4408,Student_4408,92,75
4409,Student_4409,65,64
4410,Student_4410,62,73
4411,Student_4411,85,100
4412,Student_4412,80,73
4413,Student_4413,73,69
4414,Student_4414,55,73
4415,Student_4415,77,82
4416,Student_4416,67,69
4417,Student_4417,67,82
4418,Student_4418,53,69
4419,Student_4419,80,88
4420,Student_4420,89,87
4421,Student_4421,93,100
4422,Student_4422,77,73
4423,Student_4423,78,68
4424,Student_4424,100,61
4425,Student_4425,92,82
4426,Student_4426,52,95
4427,Student_4427,53,68
4428,Student_4428,90,94
4429,Student_4429,97,67
4430,Student_4430,96,80
4431,Student_4431,67,56
4432,Student_4432,92,97
4433,Student_4433,95,83
4434,Student_4434,96,68
4435,Student_4435,89,50
4436,Student_4436,64,97
4437,Student_4437,76,61
4438,Student_4438,77,58
4439,Student_4439,52,71
4440,Student_4440,54,82
4441,Student_4441,100,91
4442,Student_4442,100,75
4443,Student_4443,88,56
4444,Student_4444,71,63
4445,Student_4445,83,57
4446,Student_4446,67,78
4447,Student_4447,89,56
4448,Student_4448,54,80
4449,Student_4449,95,72
4450,Student_4450,88,56
4451,Student_4451,71,54
4452,Student_4452,81,71
4453,Student_4453,53,90
4454,Student_4454,94,65
4455,Student_4455,83,73
4456,Student_4456,80,67
4457,Student_4457,73,69
4458,Student_4458,55,86
4459,Student_4459,95,87
4460,Student_4460,63,84
4461,Student_4461,93,68
4462,Student_4462,53,61
4463,Student_4463,94,65
4464,Student_4464,93,77
4465,Student_4465,56,67
4466,Student_4466,63,53
4467,Student_4467,56,99
4468,Student_4468,85,59
4469,Student_4469,94,80
4470,Student_4470,70,71
4471,Student_4471,58,69
4472,Student_4472,67,97
4473,Student_4473,93,65
4474,Student_4474,53,81
4475,Student_4475,64,67
4476,Student_4476,65,78
4477,Student_4477,55,87
4478,Student_4478,67,84
4479,Student_4479,92,92
4480,Student_4480,69,73
4481,Student_4481,58,98
4482,Student_4482,51,72
4483,Student_4483,57,59
4484,Student_4484,94,87
4485,Student_4485,91,91
4486,Student_4486,61,70
4487,Student_4487,69,77
4488,Student_4488,85,63
4489,Student_4489,75,96
4490,Student_4490,92,89
4491,Student_4491,98,85
4492,Student_4492,93,80
4493,Student_4493,87,76
4494,Student_4494,55,84
4495,Student_4495,70,81
4496,Student_4496,81,55
4497,Student_4497,72,62
4498,Student_4498,73,64
4499,Student_4499,58,51
4500,Student_4500,65,51
4501,Student_4501,86,95
4502,Student_4502,64,94
4503,Student_4503,56,65
4504,Student_4504,82,69
4505,Student_4505,66,50
4506,Student_4506,68,84
4507,Student_4507,50,90
4508,Student_4508,85,63
4509,Student_4509,89,53
4510,Student_4510,81,73
4511,Student_4511,91,77
4512,Student_4512,88,68
4513,Student_4513,52,64
4514,Student_4514,91,87
4515,Student_4515,83,88
4516,Student_4516,90,66
4517,Student_4517,100,62
4518,Student_4518,77,68
4519,Student_4519,71,91
4520,Student_4520,53,80
4521,Student_4521,76,86
4522,Student_4522,70,77
4523,Student_4523,95,57
4524,Student_4524,61,68
4525,Student_4525,70,92
4526,Student_4526,82,59
4527,Student_4527,57,84
4528,Student_4528,74,70
4529,Student_4529,62,54
4530,Student_4530,76,96
4531,Student_4531,75,51
4532,Student_4532,87,87
4533,Student_4533,84,76
4534,Student_4534,84,51
4535,Student_4535,63,57
4536,Student_4536,62,76
4537,Student_4537,99,62
4538,Student_4538,72,68
4539,Student_4539,50,99
4540,Student_4540,53,69
4541,Student_4541,99,98
4542,Student_4542,79,83
4543,Student_4543,92,91
4544,Student_4544,75,94
4545,Student_4545,91,88
4546,Student_4546,53,94
4547,Student_4547,65,58
4548,Student_4548,79,53
4549,Student_4549,73,65
4550,Student_4550,67,99
4551,Student_4551,60,68
4552,Student_4552,73,64
4553,Student_4553,90,58
4554,Student_4554,84,55
4555,Student_4555,88,89
4556,Student_4556,50,74
4557,Student_4557,66,78
4558,Student_4558,54,56
4559,Student_4559,70,71
4560,Student_4560,73,99
4561,Student_4561,83,79
4562,Student_4562,83,89
4563,Student_4563,60,87
4564,Student_4564,71,75
4565,Student_4565,71,60
4566,Student_4566,71,71
4567,Student_4567,65,71
4568,Student_4568,63,52
4569,Student_4569,63,61
4570,Student_4570,73,70
4571,Student_4571,83,86
4572,Student_4572,63,100
4573,Student_4573,77,66
4574,Student_4574,53,81
4575,Student_4575,57,85
4576,Student_4576,100,52
4577,Student_4577,97,88
4578,Student_4578,93,72
4579,Student_4579,91,54
4580,Student_4580,71,93
4581,Student_4581,83,74
4582,Student_4582,77,80
4583,Student_4583,51,99
4584,Student_4584,55,55
4585,Student_4585,100,79
4586,Student_4586,73,60
4587,Student_4587,73,65
4588,Student_4588,91,74
4589,Student_4589,87,72
4590,Student_4590,90,69
4591,Student_4591,59,83
4592,Student_4592,66,90
4593,Student_4593,65,97
4594,Student_4594,67,85
4595,Student_4595,75,58
4596,Student_4596,98,72
4597,Student_4597,62,69
4598,Student_4598,76,84
4599,Student_4599,71,62
4600,Student_4600,65,100
4601,Student_4601,91,64
4602,Student_4602,85,88
4603,Student_4603,73,96
4604,Student_4604,82,80
4605,Student_4605,91,97
4606,Student_4606,67,67
4607,Student_4607,76,72
4608,Student_4608,74,81
4609,Student_4609,95,84
4610,Student_4610,82,52
4611,Student_4611,71,84
4612,Student_4612,51,87
4613,Student_4613,94,71
4614,Student_4614,59,96
4615,Student_4615,66,75
4616,Student_4616,66,61
4617,Student_4617,54,95
4618,Student_4618,72,50
4619,Student_4619,69,93
4620,Student_4620,66,65
4621,Student_4621,52,68
4622,Student_4622,54,93
4623,Student_4623,71,71
4624,Student_4624,53,55
4625,Student_4625,83,67
4626,Student_4626,78,82
4627,Student_4627,89,80
4628,Student_4628,99,74
4629,Student_4629,51,72
4630,Student_4630,53,67
4631,Student_4631,100,57
4632,Student_4632,78,75
4633,Student_4633,71,69
4634,Student_4634,68,64
4635,Student_4635,81,94
4636,Student_4636,69,96
4637,Student_4637,77,69
4638,Student_4638,91,97
4639,Student_4639,57,63
4640,Student_4640,57,56
4641,Student_4641,57,76
4642,Student_4642,83,77
4643,Student_4643,61,70
4644,Student_4644,94,81
4645,Student_4645,62,60
4646,Student_4646,80,89
4647,Student_4647,57,76
4648,Student_4648,93,51
4649,Student_4649,77,53
4650,Student_4650,60,64
4651,Student_4651,62,95
4652,Student_4652,57,90
4653,Student_4653,77,100
4654,Student_4654,54,54
4655,Student_4655,81,76
4656,Student_4656,77,52
4657,Student_4657,55,58
4658,Student_4658,96,54
4659,Student_4659,75,90
4660,Student_4660,66,71
4661,Student_4661,80,73
4662,Student_4662,53,72
4663,Student_4663,87,64
4664,Student_4664,52,98
4665,Student_4665,88,55
4666,Student_4666,61,59
4667,Student_4667,55,54
4668,Student_4668,71,59
4669,Student_4669,56,66
4670,Student_4670,63,92
4671,Student_4671,83,79
4672,Student_4672,52,63
4673,Student_4673,69,67
4674,Student_4674,84,98
4675,Student_4675,62,74
4676,Student_4676,62,99
4677,Student_4677,62,72
4678,Student_4678,84,55
4679,Student_4679,84,52
4680,Student_4680,84,68
4681,Student_4681,67,94
4682,Student_4682,81,96
4683,Student_4683,86,71
4684,Student_4684,76,65
4685,Student_4685,93,56
4686,Student_4686,88,97
4687,Student_4687,78,80
4688,Student_4688,75,87
4689,Student_4689,64,82
4690,Student_4690,74,58
4691,Student_4691,55,52
4692,Student_4692,86,70
4693,Student_4693,96,98
4694,Student_4694,82,78
4695,Student_4695,60,65
4696,Student_4696,75,57
4697,Student_4697,59,51
4698,Student_4698,79,84
4699,Student_4699,52,83
4700,Student_4700,91,69
4701,Student_4701,88,73
4702,Student_4702,69,57
4703,Student_4703,71,78
4704,Student_4704,59,72
4705,Student_4705,80,83
4706,Student_4706,81,90
4707,Student_4707,71,89
4708,Student_4708,99,85
4709,Student_4709,74,71
4710,Student_4710,70,94
4711,Student_4711,62,94
4712,Student_4712,77,84
4713,Student_4713,99,71
4714,Student_4714,51,54
4715,Student_4715,78,84
4716,Student_4716,65,92
4717,Student_4717,77,95
4718,Student_4718,86,76
4719,Student_4719,91,74
4720,Student_4720,86,84
4721,Student_4721,84,53
4722,Student_4722,95,94
4723,Student_4723,89,90
4724,Student_4724,72,76
4725,Student_4725,87,63
4726,Student_4726,76,62
4727,Student_4727,70,66
4728,Student_4728,81,66
4729,Student_4729,62,54
4730,Student_4730,55,79
4731,Student_4731,56,97
4732,Student_4732,62,93
4733,Student_4733,57,95
4734,Student_4734,91,67
4735,Student_4735,83,92
4736,Student_4736,87,86
4737,Student_4737,56,70
4738,Student_4738,100,74
4739,Student_4739,54,100
4740,Student_4740,51,59
4741,Student_4741,84,93
4742,Student_4742,75,57
4743,Student_4743,70,68
4744,Student_4744,62,88
4745,Student_4745,82,50
4746,Student_4746,83,57
4747,Student_4747,60,72
4748,Student_4748,69,83
4749,Student_4749,71,87
4750,Student_4750,85,79
4751,Student_4751,85,82
4752,Student_4752,62,78
4753,Student_4753,76,67
4754,Student_4754,61,94
4755,Student_4755,53,50
4756,Student_4756,90,94
4757,Student_4757,99,50
4758,Student_4758,73,75
4759,Student_4759,78,59
4760,Student_4760,75,72
4761,Student_4761,63,84
4762,Student_4762,71,62
4763,Student_4763,94,93
4764,Student_4764,60,73
4765,Student_4765,91,86
4766,Student_4766,75,84
4767,Student_4767,88,83
4768,Student_4768,70,54
4769,Student_4769,71,93
4770,Student_4770,57,76
4771,Student_4771,91,85
4772,Student_4772,53,62
4773,Student_4773,63,55
4774,Student_4774,73,95
4775,Student_4775,99,96
4776,Student_4776,51,83
4777,Student_4777,65,68
4778,Student_4778,86,52
4779,Student_4779,99,69
4780,Student_4780,93,57
4781,Student_4781,50,59
4782,Student_4782,59,71
4783,Student_4783,60,64
4784,Student_4784,80,63
4785,Student_4785,72,71
4786,Student_4786,52,74
4787,Student_4787,58,62
4788,Student_4788,61,82
4789,Student_4789,82,57
4790,Student_4790,65,71
4791,Student_4791,96,82
4792,Student_4792,62,93
4793,Student_4793,60,79
4794,Student_4794,52,56
4795,Student_4795,83,57
4796,Student_4796,51,53
4797,Student_4797,56,61
4798,Student_4798,63,100
4799,Student_4799,52,78
4800,Student_4800,80,60
4801,Student_4801,78,65
4802,Student_4802,67,78
4803,Student_4803,57,75
4804,Student_4804,63,98
4805,Student_4805,79,64
4806,Student_4806,92,58
4807,Student_4807,100,56
4808,Student_4808,90,86
4809,Student_4809,100,81
4810,Student_4810,91,73
4811,Student_4811,84,95
4812,Student_4812,60,50
4813,Student_4813,78,98
4814,Student_4814,66,95
4815,Student_4815,52,86
4816,Student_4816,59,70
4817,Student_4817,50,71
4818,Student_4818,55,98
4819,Student_4819,50,59
4820,Student_4820,70,54
4821,Student_4821,65,86
4822,Student_4822,85,99
4823,Student_4823,99,69
4824,Student_4824,58,58
4825,Student_4825,80,68
4826,Student_4826,63,65
4827,Student_4827,74,88
4828,Student_4828,75,90
4829,Student_4829,52,81
4830,Student_4830,50,56
4831,Student_4831,62,71
4832,Student_4832,71,76
4833,Student_4833,53,89
4834,Student_4834,56,94
4835,Student_4835,52,55
4836,Student_4836,57,99
4837,Student_4837,99,64
4838,Student_4838,57,64
4839,Student_4839,72,60
4840,Student_4840,67,88
4841,Student_4841,99,55
4842,Student_4842,64,59
4843,Student_4843,74,77
4844,Student_4844,87,72
4845,Student_4845,89,71
4846,Student_4846,83,52
4847,Student_4847,54,90
4848,Student_4848,95,57
4849,Student_4849,85,98
4850,Student_4850,97,63
4851,Student_4851,61,81
4852,Student_4852,61,81
4853,Student_4853,69,93
4854,Student_4854,87,53
4855,Student_4855,61,73
4856,Student_4856,57,86
4857,Student_4857,98,72
4858,Student_4858,85,65
4859,Student_4859,69,71
4860,Student_4860,91,92
4861,Student_4861,71,82
4862,Student_4862,100,83
4863,Student_4863,100,83
4864,Student_4864,92,84
4865,Student_4865,76,71
4866,Student_4866,60,95
4867,Student_4867,83,66
4868,Student_4868,50,75
4869,Student_4869,87,70
4870,Student_4870,86,79
4871,Student_4871,86,92
4872,Student_4872,93,86
4873,Student_4873,58,97
4874,Student_4874,69,85
4875,Student_4875,79,95
4876,Student_4876,82,53
4877,Student_4877,51,92
4878,Student_4878,59,74
4879,Student_4879,87,86
4880,Student_4880,50,64
4881,Student_4881,83,86
4882,Student_4882,64,86
4883,Student_4883,88,75
4884,Student_4884,80,67
4885,Student_4885,74,87
4886,Student_4886,70,52
4887,Student_4887,59,52
4888,Student_4888,81,93
4889,Student_4889,50,59
4890,Student_4890,51,86
4891,Student_4891,98,86
4892,Student_4892,96,64
4893,Student_4893,57,89
4894,Student_4894,89,87
4895,Student_4895,56,60
4896,Student_4896,55,58
4897,Student_4897,84,89
4898,Student_4898,77,66
4899,Student_4899,85,65
4900,Student_4900,52,96
4901,Student_4901,60,59
4902,Student_4902,55,73
4903,Student_4903,54,54
4904,Student_4904,53,98
4905,Student_4905,88,52
4906,Student_4906,73,62
4907,Student_4907,60,50
4908,Student_4908,62,54
4909,Student_4909,63,54
4910,Student_4910,50,97
4911,Student_4911,67,66
4912,Student_4912,93,93
4913,Student_4913,97,71
4914,Student_4914,100,54
4915,Student_4915,89,89
4916,Student_4916,59,99
4917,Student_4917,82,62
4918,Student_4918,80,82
4919,Student_4919,51,54
4920,Student_4920,62,64
4921,Student_4921,57,67
4922,Student_4922,91,86
4923,Student_4923,64,74
4924,Student_4924,59,53
4925,Student_4925,73,76
4926,Student_4926,50,78
4927,Student_4927,82,92
4928,Student_4928,68,82
4929,Student_4929,69,93
4930,Student_4930,60,74
4931,Student_4931,67,93
4932,Student_4932,82,88
4933,Student_4933,93,86
4934,Student_4934,55,87
4935,Student_4935,72,82
4936,Student_4936,79,72
4937,Student_4937,50,51
4938,Student_4938,58,50
4939,Student_4939,97,88
4940,Student_4940,100,83
4941,Student_4941,91,65
4942,Student_4942,57,56
4943,Student_4943,62,76
4944,Student_4944,57,83
4945,Student_4945,89,92
4946,Student_4946,94,67
4947,Student_4947,77,68
4948,Student_4948,71,67
4949,Student_4949,78,85
4950,Student_4950,85,95
4951,Student_4951,81,78
4952,Student_4952,96,59
4953,Student_4953,56,61
4954,Student_4954,67,88
4955,Student_4955,95,100
4956,Student_4956,77,75
4957,Student_4957,93,96
4958,Student_4958,96,51
4959,Student_4959,68,81
4960,Student_4960,84,67
4961,Student_4961,90,61
4962,Student_4962,94,79
4963,Student_4963,63,69
4964,Student_4964,90,88
4965,Student_4965,85,87
4966,Student_4966,77,80
4967,Student_4967,91,70
4968,Student_4968,73,70
4969,Student_4969,79,82
4970,Student_4970,79,87
4971,Student_4971,57,77
4972,Student_4972,90,74
4973,Student_4973,67,95
4974,Student_4974,71,96
4975,Student_4975,91,86
4976,Student_4976,62,59
4977,Student_4977,51,62
4978,Student_4978,98,60
4979,Student_4979,80,79
4980,Student_4980,74,84
4981,Student_4981,82,92
4982,Student_4982,66,82
4983,Student_4983,65,85
4984,Student_4984,57,93
4985,Student_4985,59,63
4986,Student_4986,92,52
4987,Student_4987,53,100
4988,Student_4988,51,79
4989,Student_4989,67,74
4990,Student_4990,92,94
4991,Student_4991,63,63
4992,Student_4992,93,78
4993,Student_4993,87,60
4994,Student_4994,92,58
4995,Student_4995,56,77
4996,Student_4996,96,93
4997,Student_4997,65,67
4998,Student_4998,51,63
4999,Student_4999,66,74
5000,Student_5000,95,64
5001,Student_5001,66,86
5002,Student_5002,94,50
5003,Student_5003,62,98
5004,Student_5004,89,62
5005,Student_5005,100,90
5006,Student_5006,88,55
5007,Student_5007,97,60
5008,Student_5008,71,53
5009,Student_5009,75,63
5010,Student_5010,61,59
5011,Student_5011,76,94
5012,Student_5012,78,79
5013,Student_5013,92,56
5014,Student_5014,57,61
5015,Student_5015,63,96
5016,Student_5016,77,88
5017,Student_5017,61,73
5018,Student_5018,93,78
5019,Student_5019,55,98
5020,Student_5020,55,98
5021,Student_5021,54,82
5022,Student_5022,70,100
5023,Student_5023,88,84
5024,Student_5024,74,77
5025,Student_5025,93,75
5026,Student_5026,78,93
5027,Student_5027,79,71
5028,Student_5028,88,53
5029,Student_5029,85,68
5030,Student_5030,54,50
5031,Student_5031,83,52
5032,Student_5032,58,79
5033,Student_5033,75,97
5034,Student_5034,91,96
5035,Student_5035,71,66
5036,Student_5036,74,97
5037,Student_5037,90,77
5038,Student_5038,75,80
5039,Student_5039,78,99
5040,Student_5040,68,61
5041,Student_5041,68,79
5042,Student_5042,59,95
5043,Student_5043,87,96
5044,Student_5044,53,77
5045,Student_5045,96,90
5046,Student_5046,100,95
5047,Student_5047,100,59
5048,Student_5048,81,58
5049,Student_5049,94,59
5050,Student_5050,97,74
5051,Student_5051,58,52
5052,Student_5052,79,77
5053,Student_5053,52,80
5054,Student_5054,85,76
5055,Student_5055,67,52
5056,Student_5056,64,84
5057,Student_5057,91,88
5058,Student_5058,97,76
5059,Student_5059,79,77
5060,Student_5060,79,86
5061,Student_5061,57,97
5062,Student_5062,85,74
5063,Student_5063,58,70
5064,Student_5064,95,74
5065,Student_5065,95,82
5066,Student_5066,97,67
5067,Student_5067,57,78
5068,Student_5068,53,78
5069,Student_5069,82,75
5070,Student_5070,87,77
5071,Student_5071,72,67
5072,Student_5072,58,96
5073,Student_5073,60,51
5074,Student_5074,72,56
5075,Student_5075,98,88
5076,Student_5076,83,89
5077,Student_5077,94,96
5078,Student_5078,65,94
5079,Student_5079,97,58
5080,Student_5080,92,65
5081,Student_5081,91,73
5082,Student_5082,68,92
5083,Student_5083,57,51
5084,Student_5084,98,85
5085,Student_5085,73,55
5086,Student_5086,52,58
5087,Student_5087,53,62
5088,Student_5088,94,92
5089,Student_5089,74,95
5090,Student_5090,50,52
5091,Student_5091,99,59
5092,Student_5092,61,100
5093,Student_5093,67,69
5094,Student_5094,99,72
5095,Student_5095,58,50
5096,Student_5096,86,62
5097,Student_5097,69,70
5098,Student_5098,58,60
5099,Student_5099,62,76
5100,Student_5100,88,75
5101,Student_5101,68,80
5102,Student_5102,53,84
5103,Student_5103,68,59
5104,Student_5104,57,62
5105,Student_5105,50,63
5106,Student_5106,58,56
5107,Student_5107,72,78
5108,Student_5108,88,93
5109,Student_5109,67,92
5110,Student_5110,74,60
5111,Student_5111,74,65
5112,Student_5112,50,66
5113,Student_5113,98,54
5114,Student_5114,50,74
5115,Student_5115,70,73
5116,Student_5116,50,72
5117,Student_5117,61,65
5118,Student_5118,50,75
5119,Student_5119,51,98
5120,Student_5120,77,92
5121,Student_5121,84,69
5122,Student_5122,64,58
5123,Student_5123,73,73
5124,Student_5124,59,72
5125,Student_5125,53,81
5126,Student_5126,85,86
5127,Student_5127,57,73
5128,Student_5128,52,85
5129,Student_5129,66,74
5130,Student_5130,89,87
5131,Student_5131,62,70
5132,Student_5132,51,77
5133,Student_5133,53,86
5134,Student_5134,56,80
5135,Student_5135,83,87
5136,Student_5136,55,74
5137,Student_5137,80,91
5138,Student_5138,72,92
5139,Student_5139,85,67
5140,Student_5140,86,96
5141,Student_5141,73,69
5142,Student_5142,52,89
5143,Student_5143,68,60
5144,Student_5144,85,56
5145,Student_5145,82,93
5146,Student_5146,51,83
5147,Student_5147,51,90
5148,Student_5148,86,50
5149,Student_5149,84,99
5150,Student_5150,62,91
5151,Student_5151,98,95
5152,Student_5152,68,55
5153,Student_5153,72,70
5154,Student_5154,82,62
5155,Student_5155,87,89
5156,Student_5156,54,61
5157,Student_5157,98,79
5158,Student_5158,88,54
5159,Student_5159,54,68
5160,Student_5160,70,90
5161,Student_5161,66,63
5162,Student_5162,66,72
5163,Student_5163,92,99
5164,Student_5164,59,71
5165,Student_5165,68,76
5166,Student_5166,93,54
5167,Student_5167,80,67
5168,Student_5168,75,69
5169,Student_5169,59,89
5170,Student_5170,95,87
5171,Student_5171,82,100
5172,Student_5172,82,87
5173,Student_5173,89,72
5174,Student_5174,100,98
5175,Student_5175,72,62
5176,Student_5176,79,79
5177,Student_5177,96,100
5178,Student_5178,56,54
5179,Student_5179,63,74
5180,Student_5180,65,94
5181,Student_5181,94,67
5182,Student_5182,54,89
5183,Student_5183,76,92
5184,Student_5184,84,80
5185,Student_5185,57,78
5186,Student_5186,65,72
5187,Student_5187,52,78
5188,Student_5188,60,95
5189,Student_5189,79,76
5190,Student_5190,51,96
5191,Student_5191,84,59
5192,Student_5192,61,98
5193,Student_5193,89,58
5194,Student_5194,96,90
5195,Student_5195,83,50
5196,Student_5196,54,69
5197,Student_5197,75,53
5198,Student_5198,85,74
5199,Student_5199,70,82
5200,Student_5200,100,93
5201,Student_5201,99,92
5202,Student_5202,54,94
5203,Student_5203,61,65
5204,Student_5204,52,97
5205,Student_5205,57,83
5206,Student_5206,89,69
5207,Student_5207,64,57
5208,Student_5208,51,97
5209,Student_5209,66,79
5210,Student_5210,88,77
5211,Student_5211,53,50
5212,Student_5212,54,90
5213,Student_5213,73,69
5214,Student_5214,85,60
5215,Student_5215,58,53
5216,Student_5216,88,76
5217,Student_5217,96,68
5218,Student_5218,52,99
5219,Student_5219,54,73
5220,Student_5220,51,74
5221,Student_5221,59,51
5222,Student_5222,86,83
5223,Student_5223,88,97
5224,Student_5224,50,63
5225,Student_5225,88,51
5226,Student_5226,88,96
5227,Student_5227,88,75
5228,Student_5228,65,82
5229,Student_5229,100,53
5230,Student_5230,62,63
5231,Student_5231,56,87
5232,Student_5232,64,54
5233,Student_5233,56,72
5234,Student_5234,62,65
5235,Student_5235,98,85
5236,Student_5236,81,56
5237,Student_5237,59,69
5238,Student_5238,87,80
5239,Student_5239,91,54
5240,Student_5240,58,60
5241,Student_5241,67,78
5242,Student_5242,59,59
5243,Student_5243,79,93
5244,Student_5244,54,86
5245,Student_5245,82,59
5246,Student_5246,84,98
5247,Student_5247,73,90
5248,Student_5248,98,65
5249,Student_5249,52,97
5250,Student_5250,54,64
5251,Student_5251,97,82
5252,Student_5252,75,61
5253,Student_5253,60,66
5254,Student_5254,91,70
5255,Student_5255,96,85
5256,Student_5256,61,57
5257,Student_5257,70,64
5258,Student_5258,93,55
5259,Student_5259,88,72
5260,Student_5260,73,52
5261,Student_5261,81,100
5262,Student_5262,60,94
5263,Student_5263,50,55
5264,Student_5264,90,83
5265,Student_5265,73,58
5266,Student_5266,58,62
5267,Student_5267,60,77
5268,Student_5268,64,60
5269,Student_5269,54,78
5270,Student_5270,75,81
5271,Student_5271,73,76
5272,Student_5272,71,89
5273,Student_5273,59,52
5274,Student_5274,89,98
5275,Student_5275,57,93
5276,Student_5276,78,72
5277,Student_5277,89,56
5278,Student_5278,78,81
5279,Student_5279,96,71
5280,Student_5280,100,82
5281,Student_5281,50,58
5282,Student_5282,51,61
5283,Student_5283,92,81
5284,Student_5284,63,77
5285,Student_5285,66,87
5286,Student_5286,86,92
5287,Student_5287,67,80
5288,Student_5288,51,83
5289,Student_5289,72,60
5290,Student_5290,59,61
5291,Student_5291,55,63
5292,Student_5292,74,64
5293,Student_5293,59,84
5294,Student_5294,87,64
5295,Student_5295,88,77
5296,Student_5296,88,88
5297,Student_5297,80,73
5298,Student_5298,72,97
5299,Student_5299,82,51
5300,Student_5300,76,63
5301,Student_5301,56,84
5302,Student_5302,63,71
5303,Student_5303,95,93
5304,Student_5304,64,79
5305,Student_5305,80,88
5306,Student_5306,53,94
5307,Student_5307,84,66
5308,Student_5308,63,55
5309,Student_5309,67,54
5310,Student_5310,52,52
5311,Student_5311,76,89
5312,Student_5312,90,86
5313,Student_5313,66,77
5314,Student_5314,99,84
5315,Student_5315,72,52
5316,Student_5316,100,79
5317,Student_5317,53,80
5318,Student_5318,68,94
5319,Student_5319,56,79
5320,Student_5320,65,97
5321,Student_5321,87,79
5322,Student_5322,78,81
5323,Student_5323,57,100
5324,Student_5324,100,88
5325,Student_5325,80,91
5326,Student_5326,70,63
5327,Student_5327,75,60
5328,Student_5328,50,94
5329,Student_5329,52,76
5330,Student_5330,52,65
5331,Student_5331,97,53
5332,Student_5332,98,82
5333,Student_5333,94,50
5334,Student_5334,90,53
5335,Student_5335,91,78
5336,Student_5336,63,71
5337,Student_5337,61,60
5338,Student_5338,53,88
5339,Student_5339,66,81
5340,Student_5340,64,88
5341,Student_5341,57,68
5342,Student_5342,72,59
5343,Student_5343,68,95
5344,Student_5344,81,77
5345,Student_5345,95,84
5346,Student_5346,92,55
5347,Student_5347,63,94
5348,Student_5348,70,50
5349,Student_5349,68,53
5350,Student_5350,100,55
5351,Student_5351,56,88
5352,Student_5352,56,83
5353,Student_5353,51,64
5354,Student_5354,59,81
5355,Student_5355,95,54
5356,Student_5356,61,94
5357,Student_5357,53,91
5358,Student_5358,58,55
5359,Student_5359,69,87
5360,Student_5360,66,82
5361,Student_5361,67,56
5362,Student_5362,83,75
5363,Student_5363,84,84
5364,Student_5364,59,53
5365,Student_5365,80,53
5366,Student_5366,54,69
5367,Student_5367,55,71
5368,Student_5368,99,92
5369,Student_5369,94,59
5370,Student_5370,50,82
5371,Student_5371,98,66
5372,Student_5372,96,52
5373,Student_5373,84,90
5374,Student_5374,69,97
5375,Student_5375,52,60
5376,Student_5376,86,66
5377,Student_5377,81,94
5378,Student_5378,79,75
5379,Student_5379,80,68
5380,Student_5380,69,78
5381,Student_5381,87,100
5382,Student_5382,98,71
5383,Student_5383,63,91
5384,Student_5384,79,52
5385,Student_5385,61,90
5386,Student_5386,79,93
5387,Student_5387,87,89
5388,Student_5388,86,56
5389,Student_5389,67,78
5390,Student_5390,72,66
5391,Student_5391,74,67
5392,Student_5392,92,50
5393,Student_5393,69,61
5394,Student_5394,100,83
5395,Student_5395,64,61
5396,Student_5396,67,83
5397,Student_5397,71,69
5398,Student_5398,57,95
5399,Student_5399,62,76
5400,Student_5400,61,78
5401,Student_5401,98,87
5402,Student_5402,86,65
5403,Student_5403,96,98
5404,Student_5404,69,100
5405,Student_5405,76,59
5406,Student_5406,64,57
5407,Student_5407,88,83
5408,Student_5408,67,62
5409,Student_5409,83,80
5410,Student_5410,52,63
5411,Student_5411,100,51
5412,Student_5412,52,87
5413,Student_5413,61,89
5414,Student_5414,72,51
5415,Student_5415,59,61
5416,Student_5416,59,76
5417,Student_5417,86,74
5418,Student_5418,93,63
5419,Student_5419,60,79
5420,Student_5420,83,88
5421,Student_5421,50,54
5422,Student_5422,76,87
5423,Student_5423,72,93
5424,Student_5424,88,64
5425,Student_5425,78,92
5426,Student_5426,71,87
5427,Student_5427,87,75
5428,Student_5428,86,52
5429,Student_5429,56,80
5430,Student_5430,83,67
5431,Student_5431,54,57
5432,Student_5432,93,98
5433,Student_5433,79,51
5434,Student_5434,100,56
5435,Student_5435,85,55
5436,Student_5436,71,59
5437,Student_5437,91,69
5438,Student_5438,56,65
5439,Student_5439,63,66
5440,Student_5440,96,70
5441,Student_5441,60,67
5442,Student_5442,65,78
5443,Student_5443,92,52
5444,Student_5444,76,62
5445,Student_5445,57,75
5446,Student_5446,51,64
5447,Student_5447,50,59
5448,Student_5448,73,70
5449,Student_5449,50,94
5450,Student_5450,85,98
5451,Student_5451,94,95
5452,Student_5452,52,97
5453,Student_5453,70,50
5454,Student_5454,66,94
5455,Student_5455,57,73
5456,Student_5456,73,82
5457,Student_5457,57,71
5458,Student_5458,56,59
5459,Student_5459,55,55
5460,Student_5460,86,97
5461,Student_5461,69,61
5462,Student_5462,85,69
5463,Student_5463,57,59
5464,Student_5464,52,69
5465,Student_5465,50,82
5466,Student_5466,97,74
5467,Student_5467,100,90
5468,Student_5468,91,59
5469,Student_5469,60,83
5470,Student_5470,98,87
5471,Student_5471,72,52
5472,Student_5472,81,61
5473,Student_5473,51,88
5474,Student_5474,80,87
5475,Student_5475,73,51
5476,Student_5476,93,75
5477,Student_5477,52,94
5478,Student_5478,98,62
5479,Student_5479,89,61
5480,Student_5480,58,98
5481,Student_5481,97,73
5482,Student_5482,98,98
5483,Student_5483,65,78
5484,Student_5484,52,62
5485,Student_5485,95,74
5486,Student_5486,67,74
5487,Student_5487,99,88
5488,Student_5488,57,72
5489,Student_5489,80,75
5490,Student_5490,55,84
5491,Student_5491,64,81
5492,Student_5492,98,69
5493,Student_5493,93,68
5494,Student_5494,66,50
5495,Student_5495,66,91
5496,Student_5496,80,68
5497,Student_5497,65,64
5498,Student_5498,87,78
5499,Student_5499,64,91
5500,Student_5500,75,64
5501,Student_5501,74,51
5502,Student_5502,55,58
5503,Student_5503,77,97
5504,Student_5504,84,87
5505,Student_5505,60,80
5506,Student_5506,63,50
5507,Student_5507,59,56
5508,Student_5508,56,73
5509,Student_5509,50,97
5510,Student_5510,93,80
5511,Student_5511,92,86
5512,Student_5512,94,93
5513,Student_5513,63,100
5514,Student_5514,94,98
5515,Student_5515,61,76
5516,Student_5516,67,94
5517,Student_5517,52,64
5518,Student_5518,56,63
5519,Student_5519,74,64
5520,Student_5520,60,94
5521,Student_5521,89,50
5522,Student_5522,77,87
5523,Student_5523,87,66
5524,Student_5524,97,89
5525,Student_5525,81,67
5526,Student_5526,88,84
5527,Student_5527,51,62
5528,Student_5528,51,99
5529,Student_5529,92,71
5530,Student_5530,88,88
5531,Student_5531,72,76
5532,Student_5532,53,88
5533,Student_5533,53,51
5534,Student_5534,97,71
5535,Student_5535,76,54
5536,Student_5536,54,70
5537,Student_5537,60,98
5538,Student_5538,72,70
5539,Student_5539,87,56
5540,Student_5540,93,66
5541,Student_5541,73,87
5542,Student_5542,70,87
5543,Student_5543,68,51
5544,Student_5544,81,50
5545,Student_5545,58,59
5546,Student_5546,69,96
5547,Student_5547,72,57
5548,Student_5548,72,55
5549,Student_5549,99,61
5550,Student_5550,63,98
5551,Student_5551,83,100
5552,Student_5552,75,98
5553,Student_5553,96,71
5554,Student_5554,62,84
5555,Student_5555,76,75
5556,Student_5556,100,71
5557,Student_5557,69,80
5558,Student_5558,88,51
5559,Student_5559,50,67
5560,Student_5560,98,81
5561,Student_5561,68,89
5562,Student_5562,98,76
5563,Student_5563,56,88
5564,Student_5564,83,89
5565,Student_5565,64,89
5566,Student_5566,96,100
5567,Student_5567,65,84
5568,Student_5568,86,52
5569,Student_5569,71,78
5570,Student_5570,79,58
5571,Student_5571,80,58
5572,Student_5572,76,63
5573,Student_5573,83,96
5574,Student_5574,82,67
5575,Student_5575,60,82
5576,Student_5576,89,94
5577,Student_5577,99,62
5578,Student_5578,57,88
5579,Student_5579,89,57
5580,Student_5580,78,89
5581,Student_5581,95,63
5582,Student_5582,98,52
5583,Student_5583,61,67
5584,Student_5584,63,86
5585,Student_5585,80,68
5586,Student_5586,82,95
5587,Student_5587,53,93
5588,Student_5588,59,71
5589,Student_5589,91,100
5590,Student_5590,96,88
5591,Student_5591,54,56
5592,Student_5592,82,55
5593,Student_5593,93,70
5594,Student_5594,63,89
5595,Student_5595,97,75
5596,Student_5596,69,100
5597,Student_5597,91,72
5598,Student_5598,56,82
5599,Student_5599,80,97
5600,Student_5600,53,90
5601,Student_5601,96,79
5602,Student_5602,58,73
5603,Student_5603,56,88
5604,Student_5604,70,88
5605,Student_5605,61,66
5606,Student_5606,66,87
5607,Student_5607,63,64
5608,Student_5608,97,93
5609,Student_5609,62,50
5610,Student_5610,57,91
5611,Student_5611,51,83
5612,Student_5612,76,71
5613,Student_5613,52,59
5614,Student_5614,91,55
5615,Student_5615,95,74
5616,Student_5616,80,73
5617,Student_5617,76,88
5618,Student_5618,70,66
5619,Student_5619,60,86
5620,Student_5620,98,77
5621,Student_5621,78,54
5622,Student_5622,84,77
5623,Student_5623,79,68
5624,Student_5624,76,100
5625,Student_5625,92,66
5626,Student_5626,75,51
5627,Student_5627,78,63
5628,Student_5628,92,77
5629,Student_5629,54,60
5630,Student_5630,60,78
5631,Student_5631,87,58
5632,Student_5632,85,68
5633,Student_5633,77,71
5634,Student_5634,79,70
5635,Student_5635,74,74
5636,Student_5636,53,71
5637,Student_5637,51,61
5638,Student_5638,82,59
5639,Student_5639,86,63
5640,Student_5640,73,94
5641,Student_5641,53,71
5642,Student_5642,71,96
5643,Student_5643,55,98
5644,Student_5644,85,60
5645,Student_5645,64,77
5646,Student_5646,90,100
5647,Student_5647,54,96
5648,Student_5648,97,71
5649,Student_5649,74,59
5650,Student_5650,55,60
5651,Student_5651,79,67
5652,Student_5652,76,73
5653,Student_5653,62,79
5654,Student_5654,87,71
5655,Student_5655,66,72
5656,Student_5656,80,70
5657,Student_5657,67,91
5658,Student_5658,86,62
5659,Student_5659,99,92
5660,Student_5660,80,58
5661,Student_5661,71,76
5662,Student_5662,67,78
5663,Student_5663,88,80
5664,Student_5664,65,65
5665,Student_5665,77,70
5666,Student_5666,60,62
5667,Student_5667,63,56
5668,Student_5668,76,82
5669,Student_5669,56,75
5670,Student_5670,98,86
5671,Student_5671,69,88
5672,Student_5672,62,100
5673,Student_5673,54,61
5674,Student_5674,85,98
5675,Student_5675,84,55
5676,Student_5676,100,96
5677,Student_5677,73,99
5678,Student_5678,83,67
5679,Student_5679,77,63
5680,Student_5680,94,71
5681,Student_5681,51,95
5682,Student_5682,99,81
5683,Student_5683,76,75
5684,Student_5684,78,54
5685,Student_5685,78,67
5686,Student_5686,97,95
5687,Student_5687,69,89
5688,Student_5688,70,76
5689,Student_5689,93,85
5690,Student_5690,74,96
5691,Student_5691,95,83
5692,Student_5692,65,85
5693,Student_5693,100,50
5694,Student_5694,65,100
5695,Student_5695,70,59
5696,Student_5696,57,95
5697,Student_5697,93,97
5698,Student_5698,68,69
5699,Student_5699,62,50
5700,Student_5700,72,98
5701,Student_5701,83,84
5702,Student_5702,61,96
5703,Student_5703,99,91
5704,Student_5704,68,71
5705,Student_5705,56,76
5706,Student_5706,63,79
5707,Student_5707,55,98
5708,Student_5708,83,64
5709,Student_5709,88,75
5710,Student_5710,83,96
5711,Student_5711,72,83
5712,Student_5712,58,53
5713,Student_5713,84,83
5714,Student_5714,79,92
5715,Student_5715,96,53
5716,Student_5716,52,95
5717,Student_5717,62,71
5718,Student_5718,100,100
5719,Student_5719,96,53
5720,Student_5720,58,53
5721,Student_5721,83,95
5722,Student_5722,93,52
5723,Student_5723,73,64
5724,Student_5724,82,74
5725,Student_5725,63,52
5726,Student_5726,59,59
5727,Student_5727,78,80
5728,Student_5728,70,66
5729,Student_5729,53,58
5730,Student_5730,79,82
5731,Student_5731,76,79
5732,Student_5732,96,56
5733,Student_5733,67,99
5734,Student_5734,59,52
5735,Student_5735,95,72
5736,Student_5736,69,54
5737,Student_5737,64,59
5738,Student_5738,72,53
5739,Student_5739,62,88
5740,Student_5740,78,59
5741,Student_5741,78,88
5742,Student_5742,53,82
5743,Student_5743,76,79
5744,Student_5744,93,85
5745,Student_5745,53,60
5746,Student_5746,91,60
5747,Student_5747,63,52
5748,Student_5748,91,89
5749,Student_5749,53,75
5750,Student_5750,98,83
5751,Student_5751,82,70
5752,Student_5752,73,74
5753,Student_5753,58,87
5754,Student_5754,54,78
5755,Student_5755,98,63
5756,Student_5756,74,70
5757,Student_5757,95,72
5758,Student_5758,69,95
5759,Student_5759,98,85
5760,Student_5760,90,91
5761,Student_5761,90,72
5762,Student_5762,76,82
5763,Student_5763,87,78
5764,Student_5764,51,94
5765,Student_5765,89,69
5766,Student_5766,68,55
5767,Student_5767,67,94
5768,Student_5768,78,73
5769,Student_5769,93,78
5770,Student_5770,98,90
5771,Student_5771,84,94
5772,Student_5772,97,59
5773,Student_5773,70,64
5774,Student_5774,55,81
5775,Student_5775,65,82
5776,Student_5776,68,75
5777,Student_5777,62,90
5778,Student_5778,67,62
5779,Student_5779,88,93
5780,Student_5780,59,71
5781,Student_5781,64,74
5782,Student_5782,93,99
5783,Student_5783,100,50
5784,Student_5784,91,57
5785,Student_5785,92,67
5786,Student_5786,57,79
5787,Student_5787,100,67
5788,Student_5788,56,63
5789,Student_5789,52,81
5790,Student_5790,95,50
5791,Student_5791,62,65
5792,Student_5792,69,85
5793,Student_5793,60,63
5794,Student_5794,55,84
5795,Student_5795,85,92
5796,Student_5796,82,81
5797,Student_5797,91,53
5798,Student_5798,85,91
5799,Student_5799,81,89
5800,Student_5800,95,100
5801,Student_5801,65,76
5802,Student_5802,66,97
5803,Student_5803,63,84
5804,Student_5804,73,51
5805,Student_5805,90,66
5806,Student_5806,72,100
5807,Student_5807,71,62
5808,Student_5808,80,97
5809,Student_5809,55,53
5810,Student_5810,55,95
5811,Student_5811,80,54
5812,Student_5812,97,92
5813,Student_5813,99,100
5814,Student_5814,89,73
5815,Student_5815,60,66
5816,Student_5816,89,58
5817,Student_5817,55,97
5818,Student_5818,80,61
5819,Student_5819,76,100
5820,Student_5820,85,56
5821,Student_5821,70,75
5822,Student_5822,86,60
5823,Student_5823,64,93
5824,Student_5824,72,83
5825,Student_5825,75,73
5826,Student_5826,65,58
5827,Student_5827,88,50
5828,Student_5828,76,54
5829,Student_5829,82,65
5830,Student_5830,98,83
5831,Student_5831,65,64
5832,Student_5832,97,89
5833,Student_5833,97,84
5834,Student_5834,75,53
5835,Student_5835,52,74
5836,Student_5836,56,61
5837,Student_5837,99,85
5838,Student_5838,70,58
5839,Student_5839,71,84
5840,Student_5840,75,71
5841,Student_5841,67,74
5842,Student_5842,83,53
5843,Student_5843,84,84
5844,Student_5844,94,83
5845,Student_5845,79,98
5846,Student_5846,66,61
5847,Student_5847,65,95
5848,Student_5848,77,59
5849,Student_5849,52,60
5850,Student_5850,100,76
5851,Student_5851,80,98
5852,Student_5852,65,83
5853,Student_5853,98,92
5854,Student_5854,74,96
5855,Student_5855,62,60
5856,Student_5856,87,55
5857,Student_5857,50,68
5858,Student_5858,73,58
5859,Student_5859,54,89
5860,Student_5860,51,51
5861,Student_5861,88,71
5862,Student_5862,63,100
5863,Student_5863,84,88
5864,Student_5864,80,56
5865,Student_5865,80,97
5866,Student_5866,82,69
5867,Student_5867,53,67
5868,Student_5868,98,63
5869,Student_5869,99,78
5870,Student_5870,97,67
5871,Student_5871,88,85
5872,Student_5872,68,61
5873,Student_5873,88,64
5874,Student_5874,61,86
5875,Student_5875,80,84
5876,Student_5876,91,62
5877,Student_5877,82,58
5878,Student_5878,91,71
5879,Student_5879,50,67
5880,Student_5880,98,90
5881,Student_5881,93,88
5882,Student_5882,96,69
5883,Student_5883,55,79
5884,Student_5884,92,88
5885,Student_5885,55,54
5886,Student_5886,78,89
5887,Student_5887,71,76
5888,Student_5888,95,94
5889,Student_5889,76,66
5890,Student_5890,53,73
5891,Student_5891,99,53
5892,Student_5892,82,82
5893,Student_5893,63,70
5894,Student_5894,99,80
5895,Student_5895,88,100
5896,Student_5896,85,53
5897,Student_5897,75,72
5898,Student_5898,71,73
5899,Student_5899,97,79
5900,Student_5900,56,68
5901,Student_5901,67,54
5902,Student_5902,98,63
5903,Student_5903,90,55
5904,Student_5904,95,72
5905,Student_5905,63,65
5906,Student_5906,50,93
5907,Student_5907,70,94
5908,Student_5908,89,90
5909,Student_5909,66,56
5910,Student_5910,56,53
5911,Student_5911,57,59
5912,Student_5912,50,74
5913,Student_5913,83,87
5914,Student_5914,81,94
5915,Student_5915,63,76
5916,Student_5916,61,72
5917,Student_5917,52,64
5918,Student_5918,56,86
5919,Student_5919,89,50
5920,Student_5920,72,84
5921,Student_5921,61,93
5922,Student_5922,70,98
5923,Student_5923,78,61
5924,Student_5924,61,85
5925,Student_5925,61,76
5926,Student_5926,78,77
5927,Student_5927,51,98
5928,Student_5928,75,51
5929,Student_5929,86,87
5930,Student_5930,55,51
5931,Student_5931,60,52
5932,Student_5932,77,97
5933,Student_5933,75,84
5934,Student_5934,57,86
5935,Student_5935,55,92
5936,Student_5936,70,55
5937,Student_5937,92,81
5938,Student_5938,80,50
5939,Student_5939,70,67
5940,Student_5940,98,68
5941,Student_5941,53,61
5942,Student_5942,69,73
5943,Student_5943,54,85
5944,Student_5944,80,96
5945,Student_5945,88,80
5946,Student_5946,67,62
5947,Student_5947,56,96
5948,Student_5948,100,69
5949,Student_5949,61,71
5950,Student_5950,60,90
5951,Student_5951,80,91
5952,Student_5952,75,95
5953,Student_5953,88,85
5954,Student_5954,99,90
5955,Student_5955,73,82
5956,Student_5956,73,93
5957,Student_5957,78,75
5958,Student_5958,53,51
5959,Student_5959,88,73
5960,Student_5960,75,68
5961,Student_5961,92,50
5962,Student_5962,75,71
5963,Student_5963,89,98
5964,Student_5964,54,53
5965,Student_5965,89,87
5966,Student_5966,98,84
5967,Student_5967,72,57
5968,Student_5968,50,52
5969,Student_5969,99,72
5970,Student_5970,66,81
5971,Student_5971,94,68
5972,Student_5972,61,55
5973,Student_5973,50,57
5974,Student_5974,60,83
5975,Student_5975,69,55
5976,Student_5976,67,71
5977,Student_5977,78,92
5978,Student_5978,79,86
5979,Student_5979,69,94
5980,Student_5980,51,94
5981,Student_5981,80,70
5982,Student_5982,65,97
5983,Student_5983,70,81
5984,Student_5984,55,74
5985,Student_5985,88,50
5986,Student_5986,83,87
5987,Student_5987,99,56
5988,Student_5988,63,85
5989,Student_5989,51,87
5990,Student_5990,98,56
5991,Student_5991,87,69
5992,Student_5992,87,97
5993,Student_5993,73,51
5994,Student_5994,84,93
5995,Student_5995,88,69
5996,Student_5996,73,66
5997,Student_5997,61,87
5998,Student_5998,82,68
5999,Student_5999,88,90
6000,Student_6000,72,76
6001,Student_6001,73,68
6002,Student_6002,95,89
6003,Student_6003,51,57
6004,Student_6004,83,62
6005,Student_6005,88,55
6006,Student_6006,96,85
6007,Student_6007,76,80
6008,Student_6008,57,62
6009,Student_6009,84,84
6010,Student_6010,92,92
6011,Student_6011,55,66
6012,Student_6012,77,89
6013,Student_6013,58,64
6014,Student_6014,92,79
6015,Student_6015,80,65
6016,Student_6016,94,60
6017,Student_6017,62,54
6018,Student_6018,56,88
6019,Student_6019,100,68
6020,Student_6020,78,100
6021,Student_6021,50,65
6022,Student_6022,73,100
6023,Student_6023,59,83
6024,Student_6024,70,90
6025,Student_6025,67,81
6026,Student_6026,98,74
6027,Student_6027,77,75
6028,Student_6028,78,58
6029,Student_6029,94,80
6030,Student_6030,88,56
6031,Student_6031,50,59
6032,Student_6032,79,53
6033,Student_6033,83,70
6034,Student_6034,58,91
6035,Student_6035,65,72
6036,Student_6036,88,80
6037,Student_6037,99,79
6038,Student_6038,54,69
6039,Student_6039,100,92
6040,Student_6040,74,95
6041,Student_6041,84,73
6042,Student_6042,91,72
6043,Student_6043,93,63
6044,Student_6044,100,58
6045,Student_6045,61,90
6046,Student_6046,86,80
6047,Student_6047,56,57
6048,Student_6048,89,71
6049,Student_6049,100,70
6050,Student_6050,63,100
6051,Student_6051,80,97
6052,Student_6052,67,54
6053,Student_6053,95,68
6054,Student_6054,67,85
6055,Student_6055,72,70
6056,Student_6056,84,58
6057,Student_6057,74,66
6058,Student_6058,79,80
6059,Student_6059,66,81
6060,Student_6060,96,90
6061,Student_6061,58,72
6062,Student_6062,62,88
6063,Student_6063,74,78
6064,Student_6064,56,94
6065,Student_6065,82,86
6066,Student_6066,90,60
6067,Student_6067,50,56
6068,Student_6068,80,82
6069,Student_6069,62,92
6070,Student_6070,86,82
6071,Student_6071,54,100
6072,Student_6072,96,83
6073,Student_6073,96,75
6074,Student_6074,89,94
6075,Student_6075,91,61
6076,Student_6076,95,75
6077,Student_6077,63,86
6078,Student_6078,64,78
6079,Student_6079,63,61
6080,Student_6080,60,82
6081,Student_6081,63,61
6082,Student_6082,97,66
6083,Student_6083,58,68
6084,Student_6084,89,92
6085,Student_6085,64,53
6086,Student_6086,58,79
6087,Student_6087,70,71
6088,Student_6088,83,67
6089,Student_6089,83,57
6090,Student_6090,65,50
6091,Student_6091,92,83
6092,Student_6092,50,91
6093,Student_6093,60,75
6094,Student_6094,96,79
6095,Student_6095,88,55
6096,Student_6096,92,76
6097,Student_6097,89,96
6098,Student_6098,66,98
6099,Student_6099,63,83
6100,Student_6100,58,57
6101,Student_6101,81,100
6102,Student_6102,99,78
6103,Student_6103,67,80
6104,Student_6104,54,65
6105,Student_6105,99,84
6106,Student_6106,80,59
6107,Student_6107,93,93
6108,Student_6108,70,76
6109,Student_6109,82,95
6110,Student_6110,72,85
6111,Student_6111,65,94
6112,Student_6112,81,89
6113,Student_6113,85,91
6114,Student_6114,92,70
6115,Student_6115,63,96
6116,Student_6116,98,60
6117,Student_6117,72,78
6118,Student_6118,61,77
6119,Student_6119,89,75
6120,Student_6120,63,52
6121,Student_6121,92,90
6122,Student_6122,92,89
6123,Student_6123,76,76
6124,Student_6124,94,81
6125,Student_6125,53,64
6126,Student_6126,93,92
6127,Student_6127,93,63
6128,Student_6128,76,74
6129,Student_6129,99,57
6130,Student_6130,100,72
6131,Student_6131,87,52
6132,Student_6132,81,80
6133,Student_6133,56,68
6134,Student_6134,84,63
6135,Student_6135,87,87
6136,Student_6136,100,56
6137,Student_6137,89,56
6138,Student_6138,63,80
6139,Student_6139,52,94
6140,Student_6140,70,100
6141,Student_6141,78,77
6142,Student_6142,77,63
6143,Student_6143,52,64
6144,Student_6144,75,73
6145,Student_6145,82,53
6146,Student_6146,77,96
6147,Student_6147,69,84
6148,Student_6148,100,99
6149,Student_6149,63,82
6150,Student_6150,80,50
6151,Student_6151,83,82
6152,Student_6152,96,87
6153,Student_6153,89,79
6154,Student_6154,68,68
6155,Student_6155,75,63
6156,Student_6156,66,100
6157,Student_6157,95,68
6158,Student_6158,61,70
6159,Student_6159,71,98
6160,Student_6160,65,95
6161,Student_6161,57,84
6162,Student_6162,59,97
6163,Student_6163,74,72
6164,Student_6164,91,95
6165,Student_6165,58,77
6166,Student_6166,89,59
6167,Student_6167,97,71
6168,Student_6168,83,55
6169,Student_6169,50,73
6170,Student_6170,60,99
6171,Student_6171,86,91
6172,Student_6172,78,63
6173,Student_6173,95,68
6174,Student_6174,55,93
6175,Student_6175,69,66
6176,Student_6176,100,79
6177,Student_6177,64,98
6178,Student_6178,99,81
6179,Student_6179,99,89
6180,Student_6180,58,84
6181,Student_6181,54,83
6182,Student_6182,81,99
6183,Student_6183,88,100
6184,Student_6184,83,78
6185,Student_6185,83,78
6186,Student_6186,57,66
6187,Student_6187,77,50
6188,Student_6188,71,51
6189,Student_6189,76,100
6190,Student_6190,56,93
6191,Student_6191,75,95
6192,Student_6192,74,58
6193,Student_6193,58,100
6194,Student_6194,87,70
6195,Student_6195,51,62
6196,Student_6196,77,50
6197,Student_6197,64,74
6198,Student_6198,61,87
6199,Student_6199,93,88
6200,Student_6200,51,72
6201,Student_6201,53,62
6202,Student_6202,92,86
6203,Student_6203,70,68
6204,Student_6204,92,74
6205,Student_6205,59,90
6206,Student_6206,96,52
6207,Student_6207,81,82
6208,Student_6208,84,100
6209,Student_6209,79,55
6210,Student_6210,62,84
6211,Student_6211,58,77
6212,Student_6212,94,74
6213,Student_6213,90,79
6214,Student_6214,65,75
6215,Student_6215,82,63
6216,Student_6216,54,55
6217,Student_6217,52,81
6218,Student_6218,78,75
6219,Student_6219,61,66
6220,Student_6220,94,62
6221,Student_6221,80,73
6222,Student_6222,79,60
6223,Student_6223,81,51
6224,Student_6224,61,94
6225,Student_6225,86,70
6226,Student_6226,73,52
6227,Student_6227,63,68
6228,Student_6228,82,64
6229,Student_6229,51,88
6230,Student_6230,63,78
6231,Student_6231,98,58
6232,Student_6232,96,58
6233,Student_6233,52,53
6234,Student_6234,90,95
6235,Student_6235,94,92
6236,Student_6236,99,50
6237,Student_6237,68,54
6238,Student_6238,94,79
6239,Student_6239,89,85
6240,Student_6240,52,77
6241,Student_6241,93,97
6242,Student_6242,77,57
6243,Student_6243,66,90
6244,Student_6244,97,78
6245,Student_6245,86,90
6246,Student_6246,100,85
6247,Student_6247,89,72
6248,Student_6248,72,66
6249,Student_6249,58,66
6250,Student_6250,70,85
6251,Student_6251,69,62
6252,Student_6252,78,71
6253,Student_6253,85,86
6254,Student_6254,60,79
6255,Student_6255,54,93
6256,Student_6256,75,55
6257,Student_6257,91,51
6258,Student_6258,59,87
6259,Student_6259,88,80
6260,Student_6260,66,81
6261,Student_6261,83,61
6262,Student_6262,63,52
6263,Student_6263,81,65
6264,Student_6264,57,84
6265,Student_6265,93,75
6266,Student_6266,66,65
6267,Student_6267,96,66
6268,Student_6268,94,93
6269,Student_6269,56,71
6270,Student_6270,62,74
6271,Student_6271,88,74
6272,Student_6272,86,97
6273,Student_6273,95,53
6274,Student_6274,79,93
6275,Student_6275,71,68
6276,Student_6276,98,81
6277,Student_6277,96,85
6278,Student_6278,72,87
6279,Student_6279,54,92
6280,Student_6280,80,70
6281,Student_6281,62,83
6282,Student_6282,52,81
6283,Student_6283,98,52
6284,Student_6284,58,71
6285,Student_6285,100,83
6286,Student_6286,58,76
6287,Student_6287,78,51
6288,Student_6288,60,56
6289,Student_6289,81,75
6290,Student_6290,53,57
6291,Student_6291,66,51
6292,Student_6292,56,64
6293,Student_6293,87,92
6294,Student_6294,52,78
6295,Student_6295,65,62
6296,Student_6296,81,91
6297,Student_6297,85,91
6298,Student_6298,61,84
6299,Student_6299,84,76
6300,Student_6300,100,56
6301,Student_6301,85,93
6302,Student_6302,53,96
6303,Student_6303,61,82
6304,Student_6304,86,85
6305,Student_6305,98,97
6306,Student_6306,52,87
6307,Student_6307,88,75
6308,Student_6308,55,99
6309,Student_6309,54,84
6310,Student_6310,73,79
6311,Student_6311,84,84
6312,Student_6312,93,55
6313,Student_6313,93,57
6314,Student_6314,79,56
6315,Student_6315,63,55
6316,Student_6316,66,88
6317,Student_6317,68,57
6318,Student_6318,59,61
6319,Student_6319,54,87
6320,Student_6320,88,53
6321,Student_6321,85,63
6322,Student_6322,76,61
6323,Student_6323,60,72
6324,Student_6324,88,78
6325,Student_6325,63,93
6326,Student_6326,57,76
6327,Student_6327,53,74
6328,Student_6328,65,66
6329,Student_6329,80,84
6330,Student_6330,82,64
6331,Student_6331,82,75
6332,Student_6332,55,62
6333,Student_6333,95,100
6334,Student_6334,83,63
6335,Student_6335,92,67
6336,Student_6336,50,66
6337,Student_6337,94,67
6338,Student_6338,57,90
6339,Student_6339,69,70
6340,Student_6340,84,85
6341,Student_6341,54,81
6342,Student_6342,53,89
6343,Student_6343,70,89
6344,Student_6344,90,63
6345,Student_6345,69,86
6346,Student_6346,95,100
6347,Student_6347,88,97
6348,Student_6348,80,60
6349,Student_6349,93,58
6350,Student_6350,99,76
6351,Student_6351,87,77
6352,Student_6352,81,50
6353,Student_6353,93,61
6354,Student_6354,79,87
6355,Student_6355,89,98
6356,Student_6356,80,83
6357,Student_6357,83,62
6358,Student_6358,77,66
6359,Student_6359,73,92
6360,Student_6360,84,64
6361,Student_6361,63,56
6362,Student_6362,69,63
6363,Student_6363,81,70
6364,Student_6364,99,65
6365,Student_6365,87,86
6366,Student_6366,68,87
6367,Student_6367,90,51
6368,Student_6368,75,61
6369,Student_6369,74,71
6370,Student_6370,72,56
6371,Student_6371,62,63
6372,Student_6372,99,83
6373,Student_6373,82,50
6374,Student_6374,50,81
6375,Student_6375,53,79
6376,Student_6376,74,80
6377,Student_6377,87,75
6378,Student_6378,81,83
6379,Student_6379,64,52
6380,Student_6380,79,86
6381,Student_6381,63,57
6382,Student_6382,58,61
6383,Student_6383,78,100
6384,Student_6384,86,99
6385,Student_6385,98,73
6386,Student_6386,100,50
6387,Student_6387,93,99
6388,Student_6388,88,50
6389,Student_6389,85,87
6390,Student_6390,62,84
6391,Student_6391,61,75
6392,Student_6392,58,98
6393,Student_6393,65,90
6394,Student_6394,83,65
6395,Student_6395,58,71
6396,Student_6396,66,54
6397,Student_6397,56,81
6398,Student_6398,82,64
6399,Student_6399,91,83
6400,Student_6400,69,95
6401,Student_6401,78,54
6402,Student_6402,58,74
6403,Student_6403,57,94
6404,Student_6404,72,82
6405,Student_6405,59,63
6406,Student_6406,51,70
6407,Student_6407,69,72
6408,Student_6408,54,70
6409,Student_6409,96,68
6410,Student_6410,96,89
6411,Student_6411,63,92
6412,Student_6412,54,53
6413,Student_6413,100,56
6414,Student_6414,54,87
6415,Student_6415,95,89
6416,Student_6416,63,66
6417,Student_6417,50,58
6418,Student_6418,87,88
6419,Student_6419,83,79
6420,Student_6420,80,77
6421,Student_6421,60,97
6422,Student_6422,77,90
6423,Student_6423,71,76
6424,Student_6424,63,70
6425,Student_6425,68,73
6426,Student_6426,79,53
6427,Student_6427,61,60
6428,Student_6428,62,83
6429,Student_6429,81,61
6430,Student_6430,69,93
6431,Student_6431,60,50
6432,Student_6432,76,59
6433,Student_6433,84,59
6434,Student_6434,76,63
6435,Student_6435,50,99
6436,Student_6436,59,79
6437,Student_6437,68,67
6438,Student_6438,59,64
6439,Student_6439,79,54
6440,Student_6440,65,80
6441,Student_6441,52,100
6442,Student_6442,82,88
6443,Student_6443,84,71
6444,Student_6444,96,79
6445,Student_6445,60,92
6446,Student_6446,79,51
6447,Student_6447,52,90
6448,Student_6448,78,98
6449,Student_6449,50,58
6450,Student_6450,86,98
6451,Student_6451,82,91
6452,Student_6452,69,57
6453,Student_6453,86,59
6454,Student_6454,82,81
6455,Student_6455,86,60
6456,Student_6456,55,71
6457,Student_6457,72,66
6458,Student_6458,53,62
6459,Student_6459,55,58
6460,Student_6460,81,71
6461,Student_6461,79,76
6462,Student_6462,64,94
6463,Student_6463,58,74
6464,Student_6464,93,64
6465,Student_6465,55,69
6466,Student_6466,97,54
6467,Student_6467,78,65
6468,Student_6468,61,92
6469,Student_6469,88,52
6470,Student_6470,83,78
6471,Student_6471,51,86
6472,Student_6472,66,57
6473,Student_6473,89,72
6474,Student_6474,62,85
6475,Student_6475,63,63
6476,Student_6476,55,96
6477,Student_6477,76,85
6478,Student_6478,77,67
6479,Student_6479,67,67
6480,Student_6480,78,66
6481,Student_6481,50,63
6482,Student_6482,52,66
6483,Student_6483,55,100
6484,Student_6484,62,81
6485,Student_6485,92,82
6486,Student_6486,93,83
6487,Student_6487,99,77
6488,Student_6488,79,97
6489,Student_6489,74,91
6490,Student_6490,63,66
6491,Student_6491,56,79
6492,Student_6492,91,67
6493,Student_6493,51,85
6494,Student_6494,92,57
6495,Student_6495,78,71
6496,Student_6496,82,79
6497,Student_6497,99,97
6498,Student_6498,71,95
6499,Student_6499,97,56
6500,Student_6500,94,64
6501,Student_6501,63,82
6502,Student_6502,58,54
6503,Student_6503,73,94
6504,Student_6504,78,95
6505,Student_6505,91,59
6506,Student_6506,61,91
6507,Student_6507,66,88
6508,Student_6508,94,55
6509,Student_6509,90,90
6510,Student_6510,95,70
6511,Student_6511,54,63
6512,Student_6512,67,86
6513,Student_6513,60,71
6514,Student_6514,57,73
6515,Student_6515,83,88
6516,Student_6516,62,79
6517,Student_6517,71,58
6518,Student_6518,96,97
6519,Student_6519,81,79
6520,Student_6520,91,81
6521,Student_6521,92,76
6522,Student_6522,55,85
6523,Student_6523,80,50
6524,Student_6524,71,80
6525,Student_6525,84,84
6526,Student_6526,93,66
6527,Student_6527,100,83
6528,Student_6528,84,84
6529,Student_6529,79,94
6530,Student_6530,51,64
6531,Student_6531,76,56
6532,Student_6532,87,59
6533,Student_6533,66,71
6534,Student_6534,86,83
6535,Student_6535,69,90
6536,Student_6536,86,79
6537,Student_6537,86,69
6538,Student_6538,95,61
6539,Student_6539,100,61
6540,Student_6540,89,72
6541,Student_6541,77,52
6542,Student_6542,51,94
6543,Student_6543,86,82
6544,Student_6544,97,61
6545,Student_6545,56,94
6546,Student_6546,85,96
6547,Student_6547,86,82
6548,Student_6548,78,73
6549,Student_6549,80,75
6550,Student_6550,83,54
6551,Student_6551,83,97
6552,Student_6552,58,70
6553,Student_6553,63,50
6554,Student_6554,94,63
6555,Student_6555,93,77
6556,Student_6556,77,70
6557,Student_6557,89,63
6558,Student_6558,80,81
6559,Student_6559,66,91
6560,Student_6560,95,87
6561,Student_6561,84,61
6562,Student_6562,100,67
6563,Student_6563,94,82
6564,Student_6564,58,53
6565,Student_6565,61,86
6566,Student_6566,95,56
6567,Student_6567,56,74
6568,Student_6568,75,86
6569,Student_6569,99,66
6570,Student_6570,51,84
6571,Student_6571,88,98
6572,Student_6572,56,74
6573,Student_6573,87,73
6574,Student_6574,93,75
6575,Student_6575,61,98
6576,Student_6576,61,94
6577,Student_6577,72,75
6578,Student_6578,73,56
6579,Student_6579,50,88
6580,Student_6580,66,94
6581,Student_6581,57,75
6582,Student_6582,99,68
6583,Student_6583,98,98
6584,Student_6584,52,89
6585,Student_6585,92,94
6586,Student_6586,74,64
6587,Student_6587,99,55
6588,Student_6588,69,58
6589,Student_6589,60,75
6590,Student_6590,63,66
6591,Student_6591,76,81
6592,Student_6592,64,61
6593,Student_6593,85,54
6594,Student_6594,64,96
6595,Student_6595,97,61
6596,Student_6596,84,80
6597,Student_6597,75,90
6598,Student_6598,53,60
6599,Student_6599,63,63
6600,Student_6600,51,51
6601,Student_6601,78,70
6602,Student_6602,62,72
6603,Student_6603,71,82
6604,Student_6604,75,83
6605,Student_6605,85,65
6606,Student_6606,76,56
6607,Student_6607,52,74
6608,Student_6608,82,80
6609,Student_6609,86,58
6610,Student_6610,63,56
6611,Student_6611,98,88
6612,Student_6612,90,63
6613,Student_6613,57,51
6614,Student_6614,78,98
6615,Student_6615,77,54
6616,Student_6616,81,56
6617,Student_6617,93,98
6618,Student_6618,98,99
6619,Student_6619,56,70
6620,Student_6620,63,51
6621,Student_6621,50,73
6622,Student_6622,82,98
6623,Student_6623,94,57
6624,Student_6624,83,50
6625,Student_6625,96,91
6626,Student_6626,66,67
6627,Student_6627,61,54
6628,Student_6628,90,59
6629,Student_6629,76,100
6630,Student_6630,67,67
6631,Student_6631,62,51
6632,Student_6632,95,82
6633,Student_6633,62,51
6634,Student_6634,54,84
6635,Student_6635,77,77
6636,Student_6636,91,66
6637,Student_6637,51,53
6638,Student_6638,89,68
6639,Student_6639,87,76
6640,Student_6640,82,58
6641,Student_6641,91,60
6642,Student_6642,87,88
6643,Student_6643,100,64
6644,Student_6644,86,54
6645,Student_6645,79,93
6646,Student_6646,72,59
6647,Student_6647,57,59
6648,Student_6648,61,81
6649,Student_6649,86,93
6650,Student_6650,85,83
6651,Student_6651,59,81
6652,Student_6652,96,52
6653,Student_6653,77,56
6654,Student_6654,51,70
6655,Student_6655,82,90
6656,Student_6656,63,82
6657,Student_6657,76,75
6658,Student_6658,91,57
6659,Student_6659,88,74
6660,Student_6660,55,54
6661,Student_6661,55,51
6662,Student_6662,63,50
6663,Student_6663,71,95
6664,Student_6664,54,81
6665,Student_6665,60,79
6666,Student_6666,81,53
6667,Student_6667,69,84
6668,Student_6668,63,88
6669,Student_6669,69,89
6670,Student_6670,79,56
6671,Student_6671,73,69
6672,Student_6672,74,55
6673,Student_6673,95,59
6674,Student_6674,91,95
6675,Student_6675,67,85
6676,Student_6676,81,50
6677,Student_6677,76,62
6678,Student_6678,90,54
6679,Student_6679,80,91
6680,Student_6680,79,100
6681,Student_6681,77,70
6682,Student_6682,62,88
6683,Student_6683,80,93
6684,Student_6684,55,91
6685,Student_6685,78,94
6686,Student_6686,93,87
6687,Student_6687,81,63
6688,Student_6688,73,58
6689,Student_6689,87,66
6690,Student_6690,79,72
6691,Student_6691,58,67
6692,Student_6692,76,94
6693,Student_6693,98,70
6694,Student_6694,50,74
6695,Student_6695,53,56
6696,Student_6696,79,96
6697,Student_6697,87,94
6698,Student_6698,69,94
6699,Student_6699,65,57
6700,Student_6700,83,79
6701,Student_6701,79,68
6702,Student_6702,85,82
6703,Student_6703,95,89
6704,Student_6704,73,94
6705,Student_6705,97,73
6706,Student_6706,89,89
6707,Student_6707,74,60
6708,Student_6708,83,76
6709,Student_6709,92,96
6710,Student_6710,69,92
6711,Student_6711,77,94
6712,Student_6712,79,84
6713,Student_6713,61,53
6714,Student_6714,72,69
6715,Student_6715,82,84
6716,Student_6716,68,58
6717,Student_6717,99,74
6718,Student_6718,65,89
6719,Student_6719,80,74
6720,Student_6720,63,72
6721,Student_6721,86,56
6722,Student_6722,69,99
6723,Student_6723,72,86
6724,Student_6724,98,92
6725,Student_6725,79,82
6726,Student_6726,65,92
6727,Student_6727,63,50
6728,Student_6728,52,58
6729,Student_6729,98,78
6730,Student_6730,63,84
6731,Student_6731,50,61
6732,Student_6732,51,58
6733,Student_6733,57,57
6734,Student_6734,97,63
6735,Student_6735,57,93
6736,Student_6736,64,93
6737,Student_6737,52,51
6738,Student_6738,73,82
6739,Student_6739,74,55
6740,Student_6740,51,92
6741,Student_6741,75,80
6742,Student_6742,74,67
6743,Student_6743,58,95
6744,Student_6744,87,93
6745,Student_6745,70,85
6746,Student_6746,72,95
6747,Student_6747,100,91
6748,Student_6748,51,66
6749,Student_6749,98,91
6750,Student_6750,96,80
6751,Student_6751,80,60
6752,Student_6752,86,99
6753,Student_6753,64,84
6754,Student_6754,94,68
6755,Student_6755,60,53
6756,Student_6756,91,83
6757,Student_6757,70,100
6758,Student_6758,85,66
6759,Student_6759,52,86
6760,Student_6760,64,62
6761,Student_6761,85,75
6762,Student_6762,84,65
6763,Student_6763,61,75
6764,Student_6764,81,64
6765,Student_6765,55,58
6766,Student_6766,54,88
6767,Student_6767,93,73
6768,Student_6768,94,84
6769,Student_6769,80,86
6770,Student_6770,100,75
6771,Student_6771,89,91
6772,Student_6772,88,67
6773,Student_6773,65,81
6774,Student_6774,65,84
6775,Student_6775,98,89
6776,Student_6776,65,88
6777,Student_6777,75,79
6778,Student_6778,93,63
6779,Student_6779,97,56
6780,Student_6780,79,71
6781,Student_6781,66,51
6782,Student_6782,92,61
6783,Student_6783,88,62
6784,Student_6784,54,85
6785,Student_6785,80,72
6786,Student_6786,85,50
6787,Student_6787,88,79
6788,Student_6788,77,54
6789,Student_6789,58,93
6790,Student_6790,86,59
6791,Student_6791,67,83
6792,Student_6792,51,64
6793,Student_6793,58,95
6794,Student_6794,98,90
6795,Student_6795,67,91
6796,Student_6796,52,96
6797,Student_6797,84,79
6798,Student_6798,56,90
6799,Student_6799,93,82
6800,Student_6800,60,85
6801,Student_6801,83,92
6802,Student_6802,98,66
6803,Student_6803,52,85
6804,Student_6804,75,50
6805,Student_6805,97,50
6806,Student_6806,86,85
6807,Student_6807,98,86
6808,Student_6808,63,97
6809,Student_6809,88,81
6810,Student_6810,95,100
6811,Student_6811,92,79
6812,Student_6812,51,70
6813,Student_6813,68,95
6814,Student_6814,60,83
6815,Student_6815,62,56
6816,Student_6816,91,55
6817,Student_6817,91,59
6818,Student_6818,83,70
6819,Student_6819,66,79
6820,Student_6820,81,78
6821,Student_6821,85,96
6822,Student_6822,68,63
6823,Student_6823,71,76
6824,Student_6824,100,78
6825,Student_6825,58,92
6826,Student_6826,56,88
6827,Student_6827,83,91
6828,Student_6828,92,75
6829,Student_6829,64,55
6830,Student_6830,53,97
6831,Student_6831,84,88
6832,Student_6832,79,53
6833,Student_6833,54,53
6834,Student_6834,98,100
6835,Student_6835,72,61
6836,Student_6836,96,94
6837,Student_6837,59,61
6838,Student_6838,51,52
6839,Student_6839,64,67
6840,Student_6840,85,58
6841,Student_6841,88,72
6842,Student_6842,52,54
6843,Student_6843,67,80
6844,Student_6844,51,96
6845,Student_6845,97,99
6846,Student_6846,50,97
6847,Student_6847,61,97
6848,Student_6848,96,77
6849,Student_6849,72,59
6850,Student_6850,53,99
6851,Student_6851,93,79
6852,Student_6852,90,70
6853,Student_6853,65,74
6854,Student_6854,97,61
6855,Student_6855,76,99
6856,Student_6856,54,54
6857,Student_6857,86,75
6858,Student_6858,83,76
6859,Student_6859,74,72
6860,Student_6860,79,68
6861,Student_6861,88,99
6862,Student_6862,60,82
6863,Student_6863,52,65
6864,Student_6864,64,83
6865,Student_6865,76,59
6866,Student_6866,96,100
6867,Student_6867,73,51
6868,Student_6868,50,99
6869,Student_6869,99,74
6870,Student_6870,69,97
6871,Student_6871,79,66
6872,Student_6872,83,100
6873,Student_6873,84,70
6874,Student_6874,55,90
6875,Student_6875,52,50
6876,Student_6876,58,64
6877,Student_6877,50,57
6878,Student_6878,82,94
6879,Student_6879,99,64
6880,Student_6880,100,61
6881,Student_6881,93,97
6882,Student_6882,83,89
6883,Student_6883,62,62
6884,Student_6884,79,94
6885,Student_6885,79,78
6886,Student_6886,87,50
6887,Student_6887,58,98
6888,Student_6888,55,65
6889,Student_6889,85,70
6890,Student_6890,74,100
6891,Student_6891,88,63
6892,Student_6892,60,98
6893,Student_6893,77,83
6894,Student_6894,64,95
6895,Student_6895,69,70
6896,Student_6896,73,84
6897,Student_6897,78,65
6898,Student_6898,57,78
6899,Student_6899,80,50
6900,Student_6900,87,67
6901,Student_6901,55,100
6902,Student_6902,98,57
6903,Student_6903,88,74
6904,Student_6904,60,84
6905,Student_6905,76,78
6906,Student_6906,65,63
6907,Student_6907,62,74
6908,Student_6908,61,84
6909,Student_6909,69,65
6910,Student_6910,62,60
6911,Student_6911,90,96
6912,Student_6912,59,52
6913,Student_6913,65,99
6914,Student_6914,59,72
6915,Student_6915,90,52
6916,Student_6916,59,93
6917,Student_6917,72,80
6918,Student_6918,61,100
6919,Student_6919,79,70
6920,Student_6920,63,66
6921,Student_6921,85,56
6922,Student_6922,50,61
6923,Student_6923,61,50
6924,Student_6924,91,68
6925,Student_6925,91,98
6926,Student_6926,88,67
6927,Student_6927,97,62
6928,Student_6928,75,61
6929,Student_6929,78,72
6930,Student_6930,83,91
6931,Student_6931,65,76
6932,Student_6932,63,69
6933,Student_6933,73,90
6934,Student_6934,66,85
6935,Student_6935,100,78
6936,Student_6936,87,82
6937,Student_6937,78,88
6938,Student_6938,52,98
6939,Student_6939,94,88
6940,Student_6940,81,85
6941,Student_6941,53,83
6942,Student_6942,76,68
6943,Student_6943,55,72
6944,Student_6944,50,84
6945,Student_6945,76,97
6946,Student_6946,51,55
6947,Student_6947,86,83
6948,Student_6948,97,74
6949,Student_6949,69,91
6950,Student_6950,54,97
6951,Student_6951,72,65
6952,Student_6952,96,87
6953,Student_6953,89,77
6954,Student_6954,63,72
6955,Student_6955,99,69
6956,Student_6956,87,55
6957,Student_6957,71,69
6958,Student_6958,53,88
6959,Student_6959,67,78
6960,Student_6960,83,51
6961,Student_6961,52,62
6962,Student_6962,94,64
6963,Student_6963,85,58
6964,Student_6964,92,93
6965,Student_6965,73,78
6966,Student_6966,76,60
6967,Student_6967,60,64
6968,Student_6968,72,54
6969,Student_6969,69,75
6970,Student_6970,54,78
6971,Student_6971,77,97
6972,Student_6972,91,65
6973,Student_6973,82,50
6974,Student_6974,73,97
6975,Student_6975,91,92
6976,Student_6976,91,71
6977,Student_6977,83,81
6978,Student_6978,93,65
6979,Student_6979,89,100
6980,Student_6980,67,55
6981,Student_6981,80,74
6982,Student_6982,65,71
6983,Student_6983,84,57
6984,Student_6984,76,99
6985,Student_6985,72,67
6986,Student_6986,61,95
6987,Student_6987,100,50
6988,Student_6988,97,67
6989,Student_6989,60,80
6990,Student_6990,88,89
6991,Student_6991,69,66
6992,Student_6992,85,84
6993,Student_6993,81,93
6994,Student_6994,68,65
6995,Student_6995,84,85
6996,Student_6996,51,59
6997,Student_6997,55,68
6998,Student_6998,53,63
6999,Student_6999,82,59
7000,Student_7000,91,53
7001,Student_7001,99,92
7002,Student_7002,57,73
7003,Student_7003,52,71
7004,Student_7004,74,55
7005,Student_7005,82,94
7006,Student_7006,74,54
7007,Student_7007,60,74
7008,Student_7008,89,94
7009,Student_7009,69,51
7010,Student_7010,91,86
7011,Student_7011,84,73
7012,Student_7012,55,55
7013,Student_7013,59,66
7014,Student_7014,85,60
7015,Student_7015,99,95
7016,Student_7016,64,50
7017,Student_7017,50,81
7018,Student_7018,97,84
7019,Student_7019,67,53
7020,Student_7020,92,61
7021,Student_7021,65,80
7022,Student_7022,64,85
7023,Student_7023,84,63
7024,Student_7024,50,61
7025,Student_7025,65,64
7026,Student_7026,65,50
7027,Student_7027,63,100
7028,Student_7028,82,94
7029,Student_7029,50,65
7030,Student_7030,67,70
7031,Student_7031,93,87
7032,Student_7032,71,93
7033,Student_7033,97,60
7034,Student_7034,51,56
7035,Student_7035,69,100
7036,Student_7036,96,66
7037,Student_7037,59,70
7038,Student_7038,74,90
7039,Student_7039,50,93
7040,Student_7040,69,99
7041,Student_7041,96,81
7042,Student_7042,55,54
7043,Student_7043,62,77
7044,Student_7044,76,93
7045,Student_7045,55,91
7046,Student_7046,61,92
7047,Student_7047,87,53
7048,Student_7048,92,98
7049,Student_7049,83,65
7050,Student_7050,85,79
7051,Student_7051,100,74
7052,Student_7052,79,86
7053,Student_7053,63,67
7054,Student_7054,53,73
7055,Student_7055,60,90
7056,Student_7056,55,58
7057,Student_7057,55,52
7058,Student_7058,72,91
7059,Student_7059,51,54
7060,Student_7060,57,91
7061,Student_7061,76,73
7062,Student_7062,100,93
7063,Student_7063,89,93
7064,Student_7064,51,73
7065,Student_7065,54,86
7066,Student_7066,62,91
7067,Student_7067,73,81
7068,Student_7068,100,57
7069,Student_7069,67,74
7070,Student_7070,70,65
7071,Student_7071,58,77
7072,Student_7072,52,65
7073,Student_7073,82,68
7074,Student_7074,72,59
7075,Student_7075,55,96
7076,Student_7076,70,50
7077,Student_7077,82,66
7078,Student_7078,90,66
7079,Student_7079,96,88
7080,Student_7080,55,73
7081,Student_7081,89,90
7082,Student_7082,91,58
7083,Student_7083,57,100
7084,Student_7084,64,81
7085,Student_7085,63,75
7086,Student_7086,64,82
7087,Student_7087,79,68
7088,Student_7088,88,77
7089,Student_7089,63,67
7090,Student_7090,76,92
7091,Student_7091,51,88
7092,Student_7092,85,56
7093,Student_7093,61,78
7094,Student_7094,97,51
7095,Student_7095,82,53
7096,Student_7096,63,95
7097,Student_7097,58,100
7098,Student_7098,80,65
7099,Student_7099,79,76
7100,Student_7100,98,88
7101,Student_7101,52,84
7102,Student_7102,58,99
7103,Student_7103,93,100
7104,Student_7104,78,57
7105,Student_7105,56,83
7106,Student_7106,73,76
7107,Student_7107,61,82
7108,Student_7108,75,61
7109,Student_7109,86,86
7110,Student_7110,56,98
7111,Student_7111,64,80
7112,Student_7112,56,94
7113,Student_7113,50,55
7114,Student_7114,94,56
7115,Student_7115,95,76
7116,Student_7116,68,60
7117,Student_7117,57,55
7118,Student_7118,67,60
7119,Student_7119,56,54
7120,Student_7120,78,86
7121,Student_7121,65,71
7122,Student_7122,80,66
7123,Student_7123,66,78
7124,Student_7124,70,64
7125,Student_7125,75,66
7126,Student_7126,51,85
7127,Student_7127,68,55
7128,Student_7128,99,80
7129,Student_7129,65,57
7130,Student_7130,95,64
7131,Student_7131,67,74
7132,Student_7132,85,95
7133,Student_7133,81,63
7134,Student_7134,54,52
7135,Student_7135,98,65
7136,Student_7136,62,55
7137,Student_7137,70,79
7138,Student_7138,61,62
7139,Student_7139,53,72
7140,Student_7140,91,77
7141,Student_7141,78,66
7142,Student_7142,66,64
7143,Student_7143,94,82
7144,Student_7144,74,95
7145,Student_7145,75,91
7146,Student_7146,78,80
7147,Student_7147,53,55
7148,Student_7148,75,65
7149,Student_7149,52,79
7150,Student_7150,73,98
7151,Student_7151,100,73
7152,Student_7152,98,100
7153,Student_7153,58,93
7154,Student_7154,57,71
7155,Student_7155,87,70
7156,Student_7156,82,53
7157,Student_7157,63,78
7158,Student_7158,58,89
7159,Student_7159,99,78
7160,Student_7160,50,66
7161,Student_7161,96,100
7162,Student_7162,88,77
7163,Student_7163,72,67
7164,Student_7164,79,91
7165,Student_7165,57,79
7166,Student_7166,92,86
7167,Student_7167,78,77
7168,Student_7168,86,68
7169,Student_7169,67,69
7170,Student_7170,78,99
7171,Student_7171,89,60
7172,Student_7172,76,74
7173,Student_7173,93,90
7174,Student_7174,87,98
7175,Student_7175,96,50
7176,Student_7176,50,94
7177,Student_7177,70,72
7178,Student_7178,55,100
7179,Student_7179,91,71
7180,Student_7180,74,82
7181,Student_7181,90,72
7182,Student_7182,59,69
7183,Student_7183,64,68
7184,Student_7184,70,100
7185,Student_7185,89,65
7186,Student_7186,72,73
7187,Student_7187,60,77
7188,Student_7188,72,57
7189,Student_7189,90,88
7190,Student_7190,71,52
7191,Student_7191,62,52
7192,Student_7192,75,85
7193,Student_7193,97,51
7194,Student_7194,92,76
7195,Student_7195,53,93
7196,Student_7196,56,70
7197,Student_7197,85,99
7198,Student_7198,76,56
7199,Student_7199,70,81
7200,Student_7200,78,62
7201,Student_7201,100,82
7202,Student_7202,76,66
7203,Student_7203,54,82
7204,Student_7204,70,82
7205,Student_7205,99,58
7206,Student_7206,83,66
7207,Student_7207,85,74
7208,Student_7208,87,74
7209,Student_7209,68,74
7210,Student_7210,97,99
7211,Student_7211,69,62
7212,Student_7212,73,65
7213,Student_7213,57,72
7214,Student_7214,87,51
7215,Student_7215,83,51
7216,Student_7216,57,84
7217,Student_7217,86,95
7218,Student_7218,70,73
7219,Student_7219,66,92
7220,Student_7220,90,86
7221,Student_7221,99,58
7222,Student_7222,57,78
7223,Student_7223,90,90
7224,Student_7224,55,88
7225,Student_7225,86,85
7226,Student_7226,92,55
7227,Student_7227,96,92
7228,Student_7228,92,81
7229,Student_7229,61,95
7230,Student_7230,50,79
7231,Student_7231,87,61
7232,Student_7232,60,50
7233,Student_7233,74,74
7234,Student_7234,92,62
7235,Student_7235,75,90
7236,Student_7236,56,56
7237,Student_7237,66,100
7238,Student_7238,81,88
7239,Student_7239,52,99
7240,Student_7240,67,94
7241,Student_7241,85,92
7242,Student_7242,69,76
7243,Student_7243,59,80
7244,Student_7244,71,60
7245,Student_7245,85,84
7246,Student_7246,51,96
7247,Student_7247,61,56
7248,Student_7248,63,58
7249,Student_7249,90,54
7250,Student_7250,90,78
7251,Student_7251,93,81
7252,Student_7252,89,50
7253,Student_7253,87,70
7254,Student_7254,69,70
7255,Student_7255,68,90
7256,Student_7256,81,67
7257,Student_7257,61,81
7258,Student_7258,61,69
7259,Student_7259,96,85
7260,Student_7260,83,90
7261,Student_7261,100,66
7262,Student_7262,57,75
7263,Student_7263,59,97
7264,Student_7264,50,68
7265,Student_7265,53,78
7266,Student_7266,53,73
7267,Student_7267,56,95
7268,Student_7268,88,70
7269,Student_7269,62,65
7270,Student_7270,91,52
7271,Student_7271,86,77
7272,Student_7272,100,93
7273,Student_7273,54,53
7274,Student_7274,54,52
7275,Student_7275,62,79
7276,Student_7276,96,82
7277,Student_7277,64,52
7278,Student_7278,61,87
7279,Student_7279,59,80
7280,Student_7280,82,57
7281,Student_7281,85,88
7282,Student_7282,99,90
7283,Student_7283,70,98
7284,Student_7284,90,59
7285,Student_7285,72,82
7286,Student_7286,92,70
7287,Student_7287,79,99
7288,Student_7288,96,100
7289,Student_7289,95,89
7290,Student_7290,63,94
7291,Student_7291,56,64
7292,Student_7292,85,52
7293,Student_7293,61,78
7294,Student_7294,51,96
7295,Student_7295,81,82
7296,Student_7296,72,65
7297,Student_7297,96,73
7298,Student_7298,88,94
7299,Student_7299,57,91
7300,Student_7300,77,71
7301,Student_7301,54,63
7302,Student_7302,77,67
7303,Student_7303,82,89
7304,Student_7304,95,100
7305,Student_7305,93,56
7306,Student_7306,99,64
7307,Student_7307,60,60
7308,Student_7308,75,54
7309,Student_7309,84,58
7310,Student_7310,58,78
7311,Student_7311,88,61
7312,Student_7312,94,80
7313,Student_7313,75,64
7314,Student_7314,57,65
7315,Student_7315,63,76
7316,Student_7316,67,78
7317,Student_7317,50,62
7318,Student_7318,54,100
7319,Student_7319,82,91
7320,Student_7320,82,82
7321,Student_7321,80,78
7322,Student_7322,86,87
7323,Student_7323,87,86
7324,Student_7324,97,69
7325,Student_7325,61,94
7326,Student_7326,59,51
7327,Student_7327,90,62
7328,Student_7328,94,71
7329,Student_7329,57,77
7330,Student_7330,78,96
7331,Student_7331,85,73
7332,Student_7332,76,70
7333,Student_7333,90,51
7334,Student_7334,88,55
7335,Student_7335,100,56
7336,Student_7336,53,79
7337,Student_7337,73,84
7338,Student_7338,62,54
7339,Student_7339,88,92
7340,Student_7340,72,67
7341,Student_7341,95,72
7342,Student_7342,57,54
7343,Student_7343,92,82
7344,Student_7344,86,100
7345,Student_7345,51,52
7346,Student_7346,61,73
7347,Student_7347,78,96
7348,Student_7348,98,83
7349,Student_7349,50,60
7350,Student_7350,92,50
7351,Student_7351,61,75
7352,Student_7352,85,50
7353,Student_7353,54,51
7354,Student_7354,93,92
7355,Student_7355,97,79
7356,Student_7356,95,52
7357,Student_7357,73,80
7358,Student_7358,63,70
7359,Student_7359,80,89
7360,Student_7360,81,91
7361,Student_7361,62,52
7362,Student_7362,98,65
7363,Student_7363,72,75
7364,Student_7364,87,90
7365,Student_7365,62,66
7366,Student_7366,78,60
7367,Student_7367,97,62
7368,Student_7368,77,87
7369,Student_7369,99,91
7370,Student_7370,95,82
7371,Student_7371,96,52
7372,Student_7372,92,80
7373,Student_7373,93,71
7374,Student_7374,76,67
7375,Student_7375,77,52
7376,Student_7376,79,61
7377,Student_7377,55,100
7378,Student_7378,67,91
7379,Student_7379,70,60
7380,Student_7380,94,62
7381,Student_7381,100,59
7382,Student_7382,98,98
7383,Student_7383,63,76
7384,Student_7384,94,91
7385,Student_7385,70,100
7386,Student_7386,92,89
7387,Student_7387,88,63
7388,Student_7388,87,79
7389,Student_7389,90,92
7390,Student_7390,72,54
7391,Student_7391,82,82
7392,Student_7392,79,82
7393,Student_7393,99,75
7394,Student_7394,65,58
7395,Student_7395,79,94
7396,Student_7396,61,70
7397,Student_7397,54,86
7398,Student_7398,60,50
7399,Student_7399,77,86
7400,Student_7400,57,81
7401,Student_7401,60,74
7402,Student_7402,59,54
7403,Student_7403,75,90
7404,Student_7404,72,78
7405,Student_7405,94,76
7406,Student_7406,51,86
7407,Student_7407,56,99
7408,Student_7408,73,99
7409,Student_7409,75,59
7410,Student_7410,94,94
7411,Student_7411,87,65
7412,Student_7412,89,89
7413,Student_7413,87,64
7414,Student_7414,87,77
7415,Student_7415,96,53
7416,Student_7416,67,73
7417,Student_7417,84,63
7418,Student_7418,97,83
7419,Student_7419,96,74
7420,Student_7420,91,62
7421,Student_7421,54,54
7422,Student_7422,57,66
7423,Student_7423,57,80
7424,Student_7424,79,96
7425,Student_7425,65,92
7426,Student_7426,71,92
7427,Student_7427,68,92
7428,Student_7428,55,96
7429,Student_7429,51,97
7430,Student_7430,95,71
7431,Student_7431,65,74
7432,Student_7432,84,88
7433,Student_7433,74,73
7434,Student_7434,82,53
7435,Student_7435,58,70
7436,Student_7436,86,83
7437,Student_7437,89,74
7438,Student_7438,69,59
7439,Student_7439,82,74
7440,Student_7440,68,80
7441,Student_7441,94,70
7442,Student_7442,72,84
7443,Student_7443,74,95
7444,Student_7444,74,63
7445,Student_7445,71,79
7446,Student_7446,58,91
7447,Student_7447,59,50
7448,Student_7448,52,84
7449,Student_7449,99,75
7450,Student_7450,84,88
7451,Student_7451,96,77
7452,Student_7452,56,61
7453,Student_7453,70,71
7454,Student_7454,70,68
7455,Student_7455,81,50
7456,Student_7456,64,52
7457,Student_7457,90,76
7458,Student_7458,52,80
7459,Student_7459,91,67
7460,Student_7460,52,79
7461,Student_7461,100,50
7462,Student_7462,94,73
7463,Student_7463,73,66
7464,Student_7464,74,50
7465,Student_7465,67,88
7466,Student_7466,77,74
7467,Student_7467,74,70
7468,Student_7468,82,95
7469,Student_7469,70,51
7470,Student_7470,52,56
7471,Student_7471,60,60
7472,Student_7472,85,81
7473,Student_7473,53,73
7474,Student_7474,72,79
7475,Student_7475,51,52
7476,Student_7476,75,88
7477,Student_7477,80,61
7478,Student_7478,67,79
7479,Student_7479,96,99
7480,Student_7480,67,93
7481,Student_7481,91,55
7482,Student_7482,66,84
7483,Student_7483,88,63
7484,Student_7484,76,94
7485,Student_7485,58,54
7486,Student_7486,57,62
7487,Student_7487,84,76
7488,Student_7488,96,95
7489,Student_7489,88,57
7490,Student_7490,68,95
7491,Student_7491,98,77
7492,Student_7492,70,65
7493,Student_7493,80,74
7494,Student_7494,65,71
7495,Student_7495,72,97
7496,Student_7496,55,66
7497,Student_7497,96,65
7498,Student_7498,71,86
7499,Student_7499,57,79
7500,Student_7500,69,73
7501,Student_7501,60,65
7502,Student_7502,62,66
7503,Student_7503,97,92
7504,Student_7504,82,90
7505,Student_7505,60,90
7506,Student_7506,56,83
7507,Student_7507,94,86
7508,Student_7508,89,77
7509,Student_7509,84,93
7510,Student_7510,56,57
7511,Student_7511,60,74
7512,Student_7512,70,81
7513,Student_7513,60,98
7514,Student_7514,79,59
7515,Student_7515,96,90
7516,Student_7516,85,94
7517,Student_7517,66,80
7518,Student_7518,69,70
7519,Student_7519,51,56
7520,Student_7520,60,61
7521,Student_7521,92,93
7522,Student_7522,91,94
7523,Student_7523,74,80
7524,Student_7524,65,50
7525,Student_7525,66,78
7526,Student_7526,87,52
7527,Student_7527,78,59
7528,Student_7528,84,95
7529,Student_7529,55,100
7530,Student_7530,88,69
7531,Student_7531,78,76
7532,Student_7532,98,78
7533,Student_7533,86,70
7534,Student_7534,74,70
7535,Student_7535,63,96
7536,Student_7536,62,65
7537,Student_7537,92,77
7538,Student_7538,83,99
7539,Student_7539,67,59
7540,Student_7540,89,89
7541,Student_7541,71,91
7542,Student_7542,81,72
7543,Student_7543,56,97
7544,Student_7544,56,84
7545,Student_7545,58,80
7546,Student_7546,85,87
7547,Student_7547,81,61
7548,Student_7548,52,90
7549,Student_7549,96,81
7550,Student_7550,89,100
7551,Student_7551,97,71
7552,Student_7552,53,69
7553,Student_7553,72,71
7554,Student_7554,62,65
7555,Student_7555,85,90
7556,Student_7556,62,51
7557,Student_7557,56,82
7558,Student_7558,54,73
7559,Student_7559,78,55
7560,Student_7560,52,84
7561,Student_7561,87,51
7562,Student_7562,52,100
7563,Student_7563,57,90
7564,Student_7564,88,50
7565,Student_7565,59,50
7566,Student_7566,80,68
7567,Student_7567,81,61
7568,Student_7568,93,95
7569,Student_7569,55,89
7570,Student_7570,83,82
7571,Student_7571,82,59
7572,Student_7572,55,99
7573,Student_7573,76,50
7574,Student_7574,62,99
7575,Student_7575,85,99
7576,Student_7576,86,77
7577,Student_7577,76,63
7578,Student_7578,60,81
7579,Student_7579,96,99
7580,Student_7580,67,70
7581,Student_7581,72,67
7582,Student_7582,69,92
7583,Student_7583,58,99
7584,Student_7584,92,57
7585,Student_7585,56,97
7586,Student_7586,99,77
7587,Student_7587,74,91
7588,Student_7588,89,65
7589,Student_7589,82,58
7590,Student_7590,59,68
7591,Student_7591,99,80
7592,Student_7592,79,57
7593,Student_7593,63,60
7594,Student_7594,86,61
7595,Student_7595,70,77
7596,Student_7596,89,85
7597,Student_7597,87,67
7598,Student_7598,100,75
7599,Student_7599,91,86
7600,Student_7600,99,63
7601,Student_7601,95,61
7602,Student_7602,57,81
7603,Student_7603,58,65
7604,Student_7604,67,87
7605,Student_7605,54,74
7606,Student_7606,66,59
7607,Student_7607,90,94
7608,Student_7608,94,61
7609,Student_7609,83,68
7610,Student_7610,92,50
7611,Student_7611,59,67
7612,Student_7612,63,74
7613,Student_7613,67,86
7614,Student_7614,64,74
7615,Student_7615,61,78
7616,Student_7616,96,55
7617,Student_7617,68,87
7618,Student_7618,99,72
7619,Student_7619,76,99
7620,Student_7620,76,72
7621,Student_7621,71,62
7622,Student_7622,51,71
7623,Student_7623,90,74
7624,Student_7624,52,76
7625,Student_7625,76,50
7626,Student_7626,96,94
7627,Student_7627,60,82
7628,Student_7628,71,81
7629,Student_7629,52,76
7630,Student_7630,94,58
7631,Student_7631,63,98
7632,Student_7632,64,72
7633,Student_7633,57,77
7634,Student_7634,55,86
7635,Student_7635,50,82
7636,Student_7636,55,67
7637,Student_7637,72,90
7638,Student_7638,56,68
7639,Student_7639,63,85
7640,Student_7640,73,91
7641,Student_7641,96,64
7642,Student_7642,94,98
7643,Student_7643,63,67
7644,Student_7644,57,94
7645,Student_7645,53,67
7646,Student_7646,85,74
7647,Student_7647,75,73
7648,Student_7648,50,87
7649,Student_7649,84,89
7650,Student_7650,75,51
7651,Student_7651,51,58
7652,Student_7652,66,53
7653,Student_7653,56,98
7654,Student_7654,80,82
7655,Student_7655,80,50
7656,Student_7656,66,70
7657,Student_7657,69,75
7658,Student_7658,90,59
7659,Student_7659,69,96
7660,Student_7660,58,68
7661,Student_7661,86,74
7662,Student_7662,77,50
7663,Student_7663,94,75
7664,Student_7664,64,96
7665,Student_7665,92,100
7666,Student_7666,91,76
7667,Student_7667,80,88
7668,Student_7668,81,91
7669,Student_7669,94,57
7670,Student_7670,94,50
7671,Student_7671,75,77
7672,Student_7672,71,62
7673,Student_7673,75,50
7674,Student_7674,55,70
7675,Student_7675,95,93
7676,Student_7676,99,97
7677,Student_7677,80,51
7678,Student_7678,92,54
7679,Student_7679,77,73
7680,Student_7680,65,87
7681,Student_7681,61,77
7682,Student_7682,65,58
7683,Student_7683,63,95
7684,Student_7684,54,63
7685,Student_7685,93,98
7686,Student_7686,66,67
7687,Student_7687,81,81
7688,Student_7688,82,51
7689,Student_7689,82,81
7690,Student_7690,78,100
7691,Student_7691,62,55
7692,Student_7692,80,95
7693,Student_7693,68,74
7694,Student_7694,96,64
7695,Student_7695,75,72
7696,Student_7696,86,96
7697,Student_7697,89,98
7698,Student_7698,59,83
7699,Student_7699,61,100
7700,Student_7700,51,53
7701,Student_7701,94,84
7702,Student_7702,81,58
7703,Student_7703,68,88
7704,Student_7704,84,55
7705,Student_7705,87,93
7706,Student_7706,72,97
7707,Student_7707,88,72
7708,Student_7708,99,75
7709,Student_7709,75,62
7710,Student_7710,62,92
7711,Student_7711,91,55
7712,Student_7712,68,89
7713,Student_7713,99,80
7714,Student_7714,52,54
7715,Student_7715,53,59
7716,Student_7716,98,53
7717,Student_7717,98,59
7718,Student_7718,72,59
7719,Student_7719,65,69
7720,Student_7720,59,81
7721,Student_7721,71,54
7722,Student_7722,56,97
7723,Student_7723,93,98
7724,Student_7724,77,99
7725,Student_7725,64,90
7726,Student_7726,86,69
7727,Student_7727,90,76
7728,Student_7728,68,58
7729,Student_7729,73,96
7730,Student_7730,70,67
7731,Student_7731,74,85
7732,Student_7732,55,91
7733,Student_7733,78,98
7734,Student_7734,56,67
7735,Student_7735,90,79
7736,Student_7736,62,79
7737,Student_7737,99,55
7738,Student_7738,68,100
7739,Student_7739,75,69
7740,Student_7740,89,82
7741,Student_7741,54,51
7742,Student_7742,75,86
7743,Student_7743,56,77
7744,Student_7744,95,82
7745,Student_7745,92,61
7746,Student_7746,76,100
7747,Student_7747,74,85
7748,Student_7748,80,72
7749,Student_7749,91,55
7750,Student_7750,71,95
7751,Student_7751,63,92
7752,Student_7752,69,100
7753,Student_7753,61,77
7754,Student_7754,75,67
7755,Student_7755,91,70
7756,Student_7756,95,85
7757,Student_7757,74,61
7758,Student_7758,62,59
7759,Student_7759,78,100
7760,Student_7760,91,83
7761,Student_7761,89,55
7762,Student_7762,60,55
7763,Student_7763,54,80
7764,Student_7764,73,90
7765,Student_7765,52,62
7766,Student_7766,100,89
7767,Student_7767,92,76
7768,Student_7768,90,97
7769,Student_7769,97,67
7770,Student_7770,92,62
7771,Student_7771,91,69
7772,Student_7772,50,68
7773,Student_7773,66,73
7774,Student_7774,52,78
7775,Student_7775,84,88
7776,Student_7776,54,75
7777,Student_7777,95,72
7778,Student_7778,55,62
7779,Student_7779,91,95
7780,Student_7780,86,85
7781,Student_7781,88,75
7782,Student_7782,67,69
7783,Student_7783,55,63
7784,Student_7784,93,70
7785,Student_7785,57,87
7786,Student_7786,78,88
7787,Student_7787,84,64
7788,Student_7788,76,90
7789,Student_7789,83,51
7790,Student_7790,65,59
7791,Student_7791,82,74
7792,Student_7792,81,92
7793,Student_7793,75,69
7794,Student_7794,76,87
7795,Student_7795,86,92
7796,Student_7796,58,82
7797,Student_7797,77,95
7798,Student_7798,64,62
7799,Student_7799,84,100
7800,Student_7800,91,66
7801,Student_7801,60,76
7802,Student_7802,86,75
7803,Student_7803,68,72
7804,Student_7804,56,81
7805,Student_7805,72,95
7806,Student_7806,64,80
7807,Student_7807,69,71
7808,Student_7808,88,98
7809,Student_7809,94,87
7810,Student_7810,80,55
7811,Student_7811,95,100
7812,Student_7812,88,53
7813,Student_7813,99,83
7814,Student_7814,73,78
7815,Student_7815,64,53
7816,Student_7816,50,88
7817,Student_7817,100,86
7818,Student_7818,61,79
7819,Student_7819,68,89
7820,Student_7820,69,54
7821,Student_7821,62,68
7822,Student_7822,97,83
7823,Student_7823,77,91
7824,Student_7824,60,96
7825,Student_7825,75,86
7826,Student_7826,60,77
7827,Student_7827,68,77
7828,Student_7828,98,59
7829,Student_7829,100,72
7830,Student_7830,67,90
7831,Student_7831,76,90
7832,Student_7832,72,62
7833,Student_7833,82,55
7834,Student_7834,53,64
7835,Student_7835,67,65
7836,Student_7836,76,74
7837,Student_7837,59,92
7838,Student_7838,90,87
7839,Student_7839,71,91
7840,Student_7840,51,84
7841,Student_7841,87,50
7842,Student_7842,82,59
7843,Student_7843,77,75
7844,Student_7844,77,94
7845,Student_7845,82,53
7846,Student_7846,76,85
7847,Student_7847,70,62
7848,Student_7848,77,71
7849,Student_7849,52,63
7850,Student_7850,84,65
7851,Student_7851,81,65
7852,Student_7852,52,51
7853,Student_7853,95,77
7854,Student_7854,74,75
7855,Student_7855,52,74
7856,Student_7856,97,69
7857,Student_7857,97,71
7858,Student_7858,68,97
7859,Student_7859,54,93
7860,Student_7860,58,88
7861,Student_7861,94,97
7862,Student_7862,78,84
7863,Student_7863,85,68
7864,Student_7864,66,50
7865,Student_7865,67,100
7866,Student_7866,94,80
7867,Student_7867,65,93
7868,Student_7868,96,97
7869,Student_7869,58,64
7870,Student_7870,80,66
7871,Student_7871,93,80
7872,Student_7872,82,71
7873,Student_7873,55,95
7874,Student_7874,76,59
7875,Student_7875,93,88
7876,Student_7876,75,66
7877,Student_7877,79,80
7878,Student_7878,79,63
7879,Student_7879,51,82
7880,Student_7880,93,98
7881,Student_7881,66,57
7882,Student_7882,89,93
7883,Student_7883,84,57
7884,Student_7884,84,72
7885,Student_7885,54,89
7886,Student_7886,64,96
7887,Student_7887,72,70
7888,Student_7888,76,75
7889,Student_7889,60,89
7890,Student_7890,60,83
7891,Student_7891,56,95
7892,Student_7892,68,72
7893,Student_7893,54,95
7894,Student_7894,86,87
7895,Student_7895,65,65
7896,Student_7896,64,89
7897,Student_7897,81,57
7898,Student_7898,63,82
7899,Student_7899,97,94
7900,Student_7900,92,77
7901,Student_7901,85,52
7902,Student_7902,90,93
7903,Student_7903,58,97
7904,Student_7904,81,92
7905,Student_7905,70,97
7906,Student_7906,89,88
7907,Student_7907,68,84
7908,Student_7908,83,88
7909,Student_7909,87,83
7910,Student_7910,82,68
7911,Student_7911,73,66
7912,Student_7912,84,65
7913,Student_7913,93,87
7914,Student_7914,62,60
7915,Student_7915,95,99
7916,Student_7916,82,65
7917,Student_7917,55,98
7918,Student_7918,99,75
7919,Student_7919,87,58
7920,Student_7920,96,65
7921,Student_7921,84,73
7922,Student_7922,84,83
7923,Student_7923,81,90
7924,Student_7924,95,55
7925,Student_7925,79,78
7926,Student_7926,54,58
7927,Student_7927,72,72
7928,Student_7928,67,91
7929,Student_7929,88,92
7930,Student_7930,53,69
7931,Student_7931,81,70
7932,Student_7932,69,78
7933,Student_7933,67,59
7934,Student_7934,74,82
7935,Student_7935,89,93
7936,Student_7936,71,71
7937,Student_7937,96,50
7938,Student_7938,56,72
7939,Student_7939,86,51
7940,Student_7940,58,91
7941,Student_7941,57,76
7942,Student_7942,64,96
7943,Student_7943,81,51
7944,Student_7944,81,88
7945,Student_7945,94,56
7946,Student_7946,94,79
7947,Student_7947,95,96
7948,Student_7948,79,67
7949,Student_7949,87,57
7950,Student_7950,89,69
7951,Student_7951,80,91
7952,Student_7952,84,74
7953,Student_7953,74,69
7954,Student_7954,68,74
7955,Student_7955,86,86
7956,Student_7956,80,53
7957,Student_7957,58,69
7958,Student_7958,52,50
7959,Student_7959,93,97
7960,Student_7960,61,100
7961,Student_7961,75,58
7962,Student_7962,57,51
7963,Student_7963,78,84
7964,Student_7964,72,88
7965,Student_7965,77,57
7966,Student_7966,98,81
7967,Student_7967,71,63
7968,Student_7968,99,99
7969,Student_7969,94,58
7970,Student_7970,94,94
7971,Student_7971,70,82
7972,Student_7972,80,83
7973,Student_7973,83,93
7974,Student_7974,83,81
7975,Student_7975,57,83
7976,Student_7976,84,68
7977,Student_7977,98,73
7978,Student_7978,78,88
7979,Student_7979,75,68
7980,Student_7980,65,66
7981,Student_7981,62,68
7982,Student_7982,89,75
7983,Student_7983,69,59
7984,Student_7984,88,66
7985,Student_7985,95,86
7986,Student_7986,59,72
7987,Student_7987,58,92
7988,Student_7988,83,83
7989,Student_7989,98,91
7990,Student_7990,84,67
7991,Student_7991,97,88
7992,Student_7992,65,51
7993,Student_7993,59,74
7994,Student_7994,51,64
7995,Student_7995,55,96
7996,Student_7996,99,85
7997,Student_7997,86,88
7998,Student_7998,84,88
7999,Student_7999,72,78
8000,Student_8000,56,78
8001,Student_8001,76,100
8002,Student_8002,62,70
8003,Student_8003,100,54
8004,Student_8004,93,100
8005,Student_8005,90,86
8006,Student_8006,90,75
8007,Student_8007,53,75
8008,Student_8008,83,62
8009,Student_8009,70,50
8010,Student_8010,97,67
8011,Student_8011,83,51
8012,Student_8012,97,88
8013,Student_8013,84,78
8014,Student_8014,84,77
8015,Student_8015,89,73
8016,Student_8016,92,95
8017,Student_8017,95,96
8018,Student_8018,53,85
8019,Student_8019,76,73
8020,Student_8020,81,63
8021,Student_8021,65,93
8022,Student_8022,60,51
8023,Student_8023,99,62
8024,Student_8024,74,72
8025,Student_8025,58,92
8026,Student_8026,92,57
8027,Student_8027,62,51
8028,Student_8028,78,61
8029,Student_8029,55,54
8030,Student_8030,56,59
8031,Student_8031,87,94
8032,Student_8032,65,87
8033,Student_8033,86,86
8034,Student_8034,63,97
8035,Student_8035,66,51
8036,Student_8036,91,88
8037,Student_8037,84,69
8038,Student_8038,84,51
8039,Student_8039,74,52
8040,Student_8040,61,66
8041,Student_8041,75,77
8042,Student_8042,76,64
8043,Student_8043,89,89
8044,Student_8044,54,75
8045,Student_8045,55,54
8046,Student_8046,64,78
8047,Student_8047,98,79
8048,Student_8048,61,66
8049,Student_8049,94,94
8050,Student_8050,73,97
8051,Student_8051,53,51
8052,Student_8052,65,50
8053,Student_8053,64,88
8054,Student_8054,84,100
8055,Student_8055,60,53
8056,Student_8056,63,81
8057,Student_8057,56,61
8058,Student_8058,76,84
8059,Student_8059,89,55
8060,Student_8060,98,98
8061,Student_8061,58,51
8062,Student_8062,91,85
8063,Student_8063,53,69
8064,Student_8064,62,80
8065,Student_8065,65,57
8066,Student_8066,64,71
8067,Student_8067,52,52
8068,Student_8068,89,77
8069,Student_8069,52,68
8070,Student_8070,58,65
8071,Student_8071,77,96
8072,Student_8072,62,68
8073,Student_8073,95,55
8074,Student_8074,72,64
8075,Student_8075,52,73
8076,Student_8076,58,69
8077,Student_8077,92,54
8078,Student_8078,60,85
8079,Student_8079,89,53
8080,Student_8080,72,74
8081,Student_8081,76,66
8082,Student_8082,58,88
8083,Student_8083,92,73
8084,Student_8084,93,77
8085,Student_8085,60,75
8086,Student_8086,82,99
8087,Student_8087,76,89
8088,Student_8088,51,83
8089,Student_8089,79,58
8090,Student_8090,97,71
8091,Student_8091,64,50
8092,Student_8092,81,58
8093,Student_8093,67,69
8094,Student_8094,50,95
8095,Student_8095,96,70
8096,Student_8096,57,82
8097,Student_8097,64,51
8098,Student_8098,85,87
8099,Student_8099,80,67
8100,Student_8100,54,81
8101,Student_8101,76,74
8102,Student_8102,88,59
8103,Student_8103,54,86
8104,Student_8104,55,51
8105,Student_8105,92,60
8106,Student_8106,51,85
8107,Student_8107,58,69
8108,Student_8108,66,80
8109,Student_8109,89,53
8110,Student_8110,63,61
8111,Student_8111,91,57
8112,Student_8112,89,59
8113,Student_8113,83,84
8114,Student_8114,62,76
8115,Student_8115,82,79
8116,Student_8116,84,54
8117,Student_8117,58,78
8118,Student_8118,75,99
8119,Student_8119,96,71
8120,Student_8120,99,78
8121,Student_8121,81,74
8122,Student_8122,99,62
8123,Student_8123,80,97
8124,Student_8124,65,98
8125,Student_8125,70,88
8126,Student_8126,65,53
8127,Student_8127,62,100
8128,Student_8128,58,84
8129,Student_8129,59,100
8130,Student_8130,82,98
8131,Student_8131,91,88
8132,Student_8132,77,93
8133,Student_8133,70,58
8134,Student_8134,54,64
8135,Student_8135,68,88
8136,Student_8136,93,68
8137,Student_8137,91,98
8138,Student_8138,98,92
8139,Student_8139,75,85
8140,Student_8140,97,95
8141,Student_8141,76,100
8142,Student_8142,50,74
8143,Student_8143,60,54
8144,Student_8144,89,63
8145,Student_8145,90,86
8146,Student_8146,98,53
8147,Student_8147,87,79
8148,Student_8148,95,61
8149,Student_8149,53,50
8150,Student_8150,55,81
8151,Student_8151,51,71
8152,Student_8152,99,60
8153,Student_8153,89,56
8154,Student_8154,85,57
8155,Student_8155,76,79
8156,Student_8156,91,64
8157,Student_8157,97,90
8158,Student_8158,84,62
8159,Student_8159,73,83
8160,Student_8160,78,74
8161,Student_8161,51,96
8162,Student_8162,95,64
8163,Student_8163,78,66
8164,Student_8164,100,66
8165,Student_8165,50,75
8166,Student_8166,66,99
8167,Student_8167,62,87
8168,Student_8168,60,73
8169,Student_8169,56,78
8170,Student_8170,79,77
8171,Student_8171,95,51
8172,Student_8172,75,72
8173,Student_8173,61,86
8174,Student_8174,100,78
8175,Student_8175,51,81
8176,Student_8176,70,50
8177,Student_8177,67,53
8178,Student_8178,70,95
8179,Student_8179,76,74
8180,Student_8180,94,86
8181,Student_8181,61,68
8182,Student_8182,51,98
8183,Student_8183,88,95
8184,Student_8184,77,94
8185,Student_8185,68,99
8186,Student_8186,75,74
8187,Student_8187,82,53
8188,Student_8188,89,92
8189,Student_8189,81,100
8190,Student_8190,86,52
8191,Student_8191,85,100
8192,Student_8192,95,57
8193,Student_8193,53,64
8194,Student_8194,72,62
8195,Student_8195,75,53
8196,Student_8196,57,96
8197,Student_8197,98,93
8198,Student_8198,76,86
8199,Student_8199,65,83
8200,Student_8200,97,65
8201,Student_8201,64,59
8202,Student_8202,58,90
8203,Student_8203,71,67
8204,Student_8204,90,67
8205,Student_8205,62,96
8206,Student_8206,54,65
8207,Student_8207,98,70
8208,Student_8208,71,51
8209,Student_8209,75,54
8210,Student_8210,75,64
8211,Student_8211,76,94
8212,Student_8212,90,54
8213,Student_8213,66,96
8214,Student_8214,69,87
8215,Student_8215,94,69
8216,Student_8216,73,94
8217,Student_8217,93,81
8218,Student_8218,76,68
8219,Student_8219,55,87
8220,Student_8220,92,95
8221,Student_8221,80,90
8222,Student_8222,79,83
8223,Student_8223,53,57
8224,Student_8224,100,58
8225,Student_8225,88,75
8226,Student_8226,68,85
8227,Student_8227,80,82
8228,Student_8228,63,71
8229,Student_8229,56,80
8230,Student_8230,90,85
8231,Student_8231,81,62
8232,Student_8232,92,98
8233,Student_8233,54,99
8234,Student_8234,54,73
8235,Student_8235,85,74
8236,Student_8236,71,84
8237,Student_8237,51,73
8238,Student_8238,77,83
8239,Student_8239,50,80
8240,Student_8240,92,51
8241,Student_8241,81,50
8242,Student_8242,75,71
8243,Student_8243,81,96
8244,Student_8244,55,65
8245,Student_8245,52,90
8246,Student_8246,96,54
8247,Student_8247,61,91
8248,Student_8248,85,98
8249,Student_8249,74,96
8250,Student_8250,91,95
8251,Student_8251,63,84
8252,Student_8252,72,99
8253,Student_8253,57,85
8254,Student_8254,97,83
8255,Student_8255,57,69
8256,Student_8256,73,74
8257,Student_8257,99,87
8258,Student_8258,77,77
8259,Student_8259,62,76
8260,Student_8260,76,93
8261,Student_8261,59,82
8262,Student_8262,63,96
8263,Student_8263,60,93
8264,Student_8264,73,80
8265,Student_8265,51,75
8266,Student_8266,61,100
8267,Student_8267,79,64
8268,Student_8268,65,62
8269,Student_8269,89,60
8270,Student_8270,59,53
8271,Student_8271,68,86
8272,Student_8272,67,82
8273,Student_8273,67,71
8274,Student_8274,60,62
8275,Student_8275,84,59
8276,Student_8276,64,54
8277,Student_8277,97,94
8278,Student_8278,67,57
8279,Student_8279,86,69
8280,Student_8280,66,64
8281,Student_8281,61,89
8282,Student_8282,74,91
8283,Student_8283,55,50
8284,Student_8284,54,64
8285,Student_8285,61,84
8286,Student_8286,99,66
8287,Student_8287,68,96
8288,Student_8288,84,62
8289,Student_8289,100,56
8290,Student_8290,78,81
8291,Student_8291,64,76
8292,Student_8292,81,95
8293,Student_8293,75,68
8294,Student_8294,87,64
8295,Student_8295,64,60
8296,Student_8296,51,50
8297,Student_8297,51,81
8298,Student_8298,67,84
8299,Student_8299,63,95
8300,Student_8300,66,95
8301,Student_8301,63,81
8302,Student_8302,68,100
8303,Student_8303,86,64
8304,Student_8304,55,91
8305,Student_8305,79,71
8306,Student_8306,96,64
8307,Student_8307,75,77
8308,Student_8308,100,52
8309,Student_8309,52,59
8310,Student_8310,94,59
8311,Student_8311,57,95
8312,Student_8312,72,53
8313,Student_8313,94,79
8314,Student_8314,68,97
8315,Student_8315,71,69
8316,Student_8316,83,99
8317,Student_8317,100,74
8318,Student_8318,53,83
8319,Student_8319,96,53
8320,Student_8320,52,88
8321,Student_8321,54,81
8322,Student_8322,72,55
8323,Student_8323,58,64
8324,Student_8324,81,78
8325,Student_8325,52,77
8326,Student_8326,71,50
8327,Student_8327,80,70
8328,Student_8328,68,71
8329,Student_8329,88,94
8330,Student_8330,100,78
8331,Student_8331,96,69
8332,Student_8332,72,99
8333,Student_8333,67,67
8334,Student_8334,59,69
8335,Student_8335,57,93
8336,Student_8336,72,88
8337,Student_8337,85,55
8338,Student_8338,86,71
8339,Student_8339,65,88
8340,Student_8340,100,81
8341,Student_8341,52,67
8342,Student_8342,55,68
8343,Student_8343,86,82
8344,Student_8344,93,89
8345,Student_8345,87,100
8346,Student_8346,80,52
8347,Student_8347,55,81
8348,Student_8348,80,56
8349,Student_8349,62,52
8350,Student_8350,100,97
8351,Student_8351,57,52
8352,Student_8352,66,70
8353,Student_8353,76,86
8354,Student_8354,100,71
8355,Student_8355,98,77
8356,Student_8356,75,61
8357,Student_8357,57,98
8358,Student_8358,55,63
8359,Student_8359,73,70
8360,Student_8360,51,53
8361,Student_8361,65,71
8362,Student_8362,63,87
8363,Student_8363,94,80
8364,Student_8364,60,96
8365,Student_8365,70,77
8366,Student_8366,70,81
8367,Student_8367,76,73
8368,Student_8368,98,99
8369,Student_8369,68,82
8370,Student_8370,97,96
8371,Student_8371,84,63
8372,Student_8372,71,53
8373,Student_8373,93,75
8374,Student_8374,88,61
8375,Student_8375,86,71
8376,Student_8376,50,79
8377,Student_8377,66,65
8378,Student_8378,89,86
8379,Student_8379,76,86
8380,Student_8380,85,96
8381,Student_8381,79,61
8382,Student_8382,79,78
8383,Student_8383,64,62
8384,Student_8384,87,60
8385,Student_8385,51,58
8386,Student_8386,76,59
8387,Student_8387,57,96
8388,Student_8388,86,99
8389,Student_8389,88,77
8390,Student_8390,100,56
8391,Student_8391,55,71
8392,Student_8392,76,66
8393,Student_8393,92,57
8394,Student_8394,98,83
8395,Student_8395,66,72
8396,Student_8396,63,54
8397,Student_8397,95,100
8398,Student_8398,56,65
8399,Student_8399,77,53
8400,Student_8400,92,52
8401,Student_8401,78,82
8402,Student_8402,74,95
8403,Student_8403,97,97
8404,Student_8404,79,83
8405,Student_8405,78,62
8406,Student_8406,81,94
8407,Student_8407,94,61
8408,Student_8408,79,63
8409,Student_8409,98,69
8410,Student_8410,92,77
8411,Student_8411,80,51
8412,Student_8412,52,57
8413,Student_8413,52,60
8414,Student_8414,81,81
8415,Student_8415,82,77
8416,Student_8416,83,55
8417,Student_8417,90,90
8418,Student_8418,86,94
8419,Student_8419,69,89
8420,Student_8420,87,63
8421,Student_8421,75,54
8422,Student_8422,69,72
8423,Student_8423,63,68
8424,Student_8424,55,71
8425,Student_8425,53,64
8426,Student_8426,75,92
8427,Student_8427,92,76
8428,Student_8428,70,76
8429,Student_8429,64,77
8430,Student_8430,54,96
8431,Student_8431,92,68
8432,Student_8432,96,72
8433,Student_8433,56,51
8434,Student_8434,56,73
8435,Student_8435,57,96
8436,Student_8436,56,74
8437,Student_8437,76,91
8438,Student_8438,97,72
8439,Student_8439,71,97
8440,Student_8440,87,54
8441,Student_8441,79,59
8442,Student_8442,63,95
8443,Student_8443,71,88
8444,Student_8444,70,69
8445,Student_8445,86,70
8446,Student_8446,92,75
8447,Student_8447,95,86
8448,Student_8448,97,50
8449,Student_8449,97,85
8450,Student_8450,57,89
8451,Student_8451,61,78
8452,Student_8452,62,82
8453,Student_8453,96,80
8454,Student_8454,80,79
8455,Student_8455,82,58
8456,Student_8456,100,76
8457,Student_8457,52,94
8458,Student_8458,100,87
8459,Student_8459,79,61
8460,Student_8460,66,80
8461,Student_8461,68,100
8462,Student_8462,66,83
8463,Student_8463,57,94
8464,Student_8464,92,77
8465,Student_8465,78,94
8466,Student_8466,53,88
8467,Student_8467,100,60
8468,Student_8468,76,86
8469,Student_8469,70,87
8470,Student_8470,99,91
8471,Student_8471,52,86
8472,Student_8472,95,76
8473,Student_8473,66,50
8474,Student_8474,71,68
8475,Student_8475,90,60
8476,Student_8476,67,64
8477,Student_8477,65,51
8478,Student_8478,83,52
8479,Student_8479,93,61
8480,Student_8480,51,85
8481,Student_8481,57,84
8482,Student_8482,97,82
8483,Student_8483,82,57
8484,Student_8484,81,57
8485,Student_8485,97,90
8486,Student_8486,50,83
8487,Student_8487,62,66
8488,Student_8488,50,99
8489,Student_8489,77,79
8490,Student_8490,74,87
8491,Student_8491,50,68
8492,Student_8492,99,82
8493,Student_8493,68,65
8494,Student_8494,53,50
8495,Student_8495,96,81
8496,Student_8496,73,83
8497,Student_8497,60,51
8498,Student_8498,91,63
8499,Student_8499,93,89
8500,Student_8500,97,85
8501,Student_8501,55,98
8502,Student_8502,55,80
8503,Student_8503,70,70
8504,Student_8504,72,81
8505,Student_8505,66,76
8506,Student_8506,93,61
8507,Student_8507,61,74
8508,Student_8508,91,88
8509,Student_8509,59,69
8510,Student_8510,58,85
8511,Student_8511,81,87
8512,Student_8512,76,94
8513,Student_8513,50,92
8514,Student_8514,52,66
8515,Student_8515,76,79
8516,Student_8516,66,64
8517,Student_8517,53,91
8518,Student_8518,72,72
8519,Student_8519,80,83
8520,Student_8520,82,61
8521,Student_8521,63,86
8522,Student_8522,50,63
8523,Student_8523,60,68
8524,Student_8524,82,65
8525,Student_8525,56,81
8526,Student_8526,60,67
8527,Student_8527,60,56
8528,Student_8528,73,95
8529,Student_8529,61,59
8530,Student_8530,72,90
8531,Student_8531,76,54
8532,Student_8532,59,52
8533,Student_8533,60,82
8534,Student_8534,76,90
8535,Student_8535,95,64
8536,Student_8536,72,67
8537,Student_8537,66,83
8538,Student_8538,82,80
8539,Student_8539,83,51
8540,Student_8540,79,93
8541,Student_8541,86,77
8542,Student_8542,57,81
8543,Student_8543,82,82
8544,Student_8544,96,63
8545,Student_8545,64,89
8546,Student_8546,70,88
8547,Student_8547,98,94
8548,Student_8548,81,64
8549,Student_8549,94,53
8550,Student_8550,81,95
8551,Student_8551,77,89
8552,Student_8552,54,83
8553,Student_8553,88,62
8554,Student_8554,74,100
8555,Student_8555,67,77
8556,Student_8556,69,65
8557,Student_8557,73,67
8558,Student_8558,84,67
8559,Student_8559,83,86
8560,Student_8560,83,56
8561,Student_8561,65,76
8562,Student_8562,58,92
8563,Student_8563,83,100
8564,Student_8564,90,57
8565,Student_8565,86,93
8566,Student_8566,91,77
8567,Student_8567,100,80
8568,Student_8568,87,83
8569,Student_8569,60,92
8570,Student_8570,99,58
8571,Student_8571,94,94
8572,Student_8572,53,89
8573,Student_8573,73,99
8574,Student_8574,85,65
8575,Student_8575,57,58
8576,Student_8576,68,95
8577,Student_8577,92,78
8578,Student_8578,75,84
8579,Student_8579,87,58
8580,Student_8580,62,81
8581,Student_8581,100,56
8582,Student_8582,53,63
8583,Student_8583,79,57
8584,Student_8584,55,52
8585,Student_8585,59,96
8586,Student_8586,78,54
8587,Student_8587,80,73
8588,Student_8588,83,84
8589,Student_8589,82,91
8590,Student_8590,89,58
8591,Student_8591,94,79
8592,Student_8592,75,76
8593,Student_8593,97,76
8594,Student_8594,79,86
8595,Student_8595,53,99
8596,Student_8596,93,79
8597,Student_8597,55,95
8598,Student_8598,50,98
8599,Student_8599,62,59
8600,Student_8600,91,68
8601,Student_8601,76,91
8602,Student_8602,55,77
8603,Student_8603,62,57
8604,Student_8604,55,86
8605,Student_8605,97,88
8606,Student_8606,85,73
8607,Student_8607,74,68
8608,Student_8608,78,52
8609,Student_8609,72,56
8610,Student_8610,85,88
8611,Student_8611,63,60
8612,Student_8612,96,91
8613,Student_8613,59,83
8614,Student_8614,97,66
8615,Student_8615,92,79
8616,Student_8616,97,64
8617,Student_8617,71,59
8618,Student_8618,85,50
8619,Student_8619,87,89
8620,Student_8620,56,70
8621,Student_8621,85,64
8622,Student_8622,64,89
8623,Student_8623,57,73
8624,Student_8624,55,88
8625,Student_8625,77,54
8626,Student_8626,84,97
8627,Student_8627,66,79
8628,Student_8628,86,61
8629,Student_8629,81,94
8630,Student_8630,54,85
8631,Student_8631,86,51
8632,Student_8632,60,99
8633,Student_8633,89,59
8634,Student_8634,60,93
8635,Student_8635,100,73
8636,Student_8636,60,62
8637,Student_8637,81,87
8638,Student_8638,86,91
8639,Student_8639,73,65
8640,Student_8640,64,70
8641,Student_8641,54,52
8642,Student_8642,57,67
8643,Student_8643,77,78
8644,Student_8644,94,64
8645,Student_8645,77,68
8646,Student_8646,61,82
8647,Student_8647,69,67
8648,Student_8648,59,53
8649,Student_8649,85,72
8650,Student_8650,73,76
8651,Student_8651,69,85
8652,Student_8652,79,75
8653,Student_8653,97,70
8654,Student_8654,64,79
8655,Student_8655,70,99
8656,Student_8656,90,54
8657,Student_8657,52,51
8658,Student_8658,65,100
8659,Student_8659,100,94
8660,Student_8660,89,92
8661,Student_8661,67,77
8662,Student_8662,64,72
8663,Student_8663,77,65
8664,Student_8664,97,97
8665,Student_8665,77,85
8666,Student_8666,99,65
8667,Student_8667,60,66
8668,Student_8668,67,90
8669,Student_8669,87,51
8670,Student_8670,56,80
8671,Student_8671,64,95
8672,Student_8672,78,81
8673,Student_8673,80,85
8674,Student_8674,66,99
8675,Student_8675,59,67
8676,Student_8676,69,78
8677,Student_8677,73,84
8678,Student_8678,91,61
8679,Student_8679,74,94
8680,Student_8680,58,99
8681,Student_8681,68,72
8682,Student_8682,62,98
8683,Student_8683,50,73
8684,Student_8684,89,80
8685,Student_8685,72,83
8686,Student_8686,96,74
8687,Student_8687,59,92
8688,Student_8688,97,82
8689,Student_8689,88,70
8690,Student_8690,94,89
8691,Student_8691,76,67
8692,Student_8692,60,77
8693,Student_8693,90,62
8694,Student_8694,93,100
8695,Student_8695,73,69
8696,Student_8696,85,55
8697,Student_8697,64,71
8698,Student_8698,71,95
8699,Student_8699,99,89
8700,Student_8700,55,86
8701,Student_8701,86,100
8702,Student_8702,89,67
8703,Student_8703,60,98
8704,Student_8704,96,69
8705,Student_8705,52,70
8706,Student_8706,85,50
8707,Student_8707,84,51
8708,Student_8708,85,85
8709,Student_8709,76,80
8710,Student_8710,57,77
8711,Student_8711,86,76
8712,Student_8712,66,85
8713,Student_8713,74,81
8714,Student_8714,75,64
8715,Student_8715,56,55
8716,Student_8716,51,74
8717,Student_8717,90,59
8718,Student_8718,76,92
8719,Student_8719,72,64
8720,Student_8720,97,76
8721,Student_8721,54,84
8722,Student_8722,60,91
8723,Student_8723,64,86
8724,Student_8724,53,77
8725,Student_8725,81,81
8726,Student_8726,59,61
8727,Student_8727,93,96
8728,Student_8728,84,81
8729,Student_8729,66,81
8730,Student_8730,96,59
8731,Student_8731,60,79
8732,Student_8732,95,56
8733,Student_8733,76,83
8734,Student_8734,98,90
8735,Student_8735,90,56
8736,Student_8736,65,56
8737,Student_8737,78,93
8738,Student_8738,66,70
8739,Student_8739,98,53
8740,Student_8740,70,91
8741,Student_8741,76,64
8742,Student_8742,95,52
8743,Student_8743,95,57
8744,Student_8744,99,83
8745,Student_8745,94,93
8746,Student_8746,75,88
8747,Student_8747,100,63
8748,Student_8748,85,69
8749,Student_8749,61,97
8750,Student_8750,78,84
8751,Student_8751,72,55
8752,Student_8752,54,91
8753,Student_8753,65,65
8754,Student_8754,50,79
8755,Student_8755,56,51
8756,Student_8756,50,52
8757,Student_8757,88,66
8758,Student_8758,60,94
8759,Student_8759,100,78
8760,Student_8760,81,85
8761,Student_8761,55,91
8762,Student_8762,95,87
8763,Student_8763,58,53
8764,Student_8764,96,57
8765,Student_8765,89,89
8766,Student_8766,98,56
8767,Student_8767,52,59
8768,Student_8768,69,58
8769,Student_8769,89,93
8770,Student_8770,100,55
8771,Student_8771,67,91
8772,Student_8772,95,56
8773,Student_8773,56,99
8774,Student_8774,60,51
8775,Student_8775,88,73
8776,Student_8776,67,99
8777,Student_8777,86,63
8778,Student_8778,88,59
8779,Student_8779,89,59
8780,Student_8780,61,73
8781,Student_8781,55,68
8782,Student_8782,60,77
8783,Student_8783,61,59
8784,Student_8784,65,81
8785,Student_8785,73,87
8786,Student_8786,64,87
8787,Student_8787,58,68
8788,Student_8788,70,99
8789,Student_8789,93,57
8790,Student_8790,76,77
8791,Student_8791,93,79
8792,Student_8792,52,54
8793,Student_8793,77,70
8794,Student_8794,81,84
8795,Student_8795,65,79
8796,Student_8796,91,93
8797,Student_8797,70,67
8798,Student_8798,73,65
8799,Student_8799,82,96
8800,Student_8800,93,50
8801,Student_8801,63,95
8802,Student_8802,85,75
8803,Student_8803,71,75
8804,Student_8804,56,75
8805,Student_8805,98,59
8806,Student_8806,96,89
8807,Student_8807,100,56
8808,Student_8808,58,50
8809,Student_8809,59,79
8810,Student_8810,51,87
8811,Student_8811,54,83
8812,Student_8812,77,71
8813,Student_8813,79,95
8814,Student_8814,55,100
8815,Student_8815,84,77
8816,Student_8816,51,68
8817,Student_8817,95,52
8818,Student_8818,100,64
8819,Student_8819,90,74
8820,Student_8820,88,54
8821,Student_8821,97,98
8822,Student_8822,72,56
8823,Student_8823,79,95
8824,Student_8824,78,80
8825,Student_8825,51,83
8826,Student_8826,88,93
8827,Student_8827,87,82
8828,Student_8828,55,95
8829,Student_8829,89,90
8830,Student_8830,58,62
8831,Student_8831,95,70
8832,Student_8832,88,92
8833,Student_8833,65,82
8834,Student_8834,62,59
8835,Student_8835,56,82
8836,Student_8836,63,71
8837,Student_8837,88,53
8838,Student_8838,90,64
8839,Student_8839,65,66
8840,Student_8840,83,77
8841,Student_8841,61,96
8842,Student_8842,60,89
8843,Student_8843,60,70
8844,Student_8844,50,90
8845,Student_8845,56,54
8846,Student_8846,54,89
8847,Student_8847,68,54
8848,Student_8848,99,57
8849,Student_8849,67,75
8850,Student_8850,70,65
8851,Student_8851,85,78
8852,Student_8852,60,95
8853,Student_8853,91,60
8854,Student_8854,65,60
8855,Student_8855,94,55
8856,Student_8856,60,64
8857,Student_8857,75,67
8858,Student_8858,99,52
8859,Student_8859,50,60
8860,Student_8860,50,84
8861,Student_8861,82,71
8862,Student_8862,63,51
8863,Student_8863,79,92
8864,Student_8864,50,79
8865,Student_8865,100,68
8866,Student_8866,92,80
8867,Student_8867,76,72
8868,Student_8868,63,92
8869,Student_8869,70,77
8870,Student_8870,90,57
8871,Student_8871,63,59
8872,Student_8872,58,79
8873,Student_8873,54,93
8874,Student_8874,76,54
8875,Student_8875,76,54
8876,Student_8876,98,75
8877,Student_8877,98,68
8878,Student_8878,96,90
8879,Student_8879,88,60
8880,Student_8880,67,77
8881,Student_8881,59,73
8882,Student_8882,57,91
8883,Student_8883,56,50
8884,Student_8884,53,96
8885,Student_8885,77,89
8886,Student_8886,100,86
8887,Student_8887,54,93
8888,Student_8888,67,75
8889,Student_8889,82,93
8890,Student_8890,70,73
8891,Student_8891,79,83
8892,Student_8892,89,64
8893,Student_8893,77,86
8894,Student_8894,93,100
8895,Student_8895,93,70
8896,Student_8896,77,99
8897,Student_8897,96,56
8898,Student_8898,89,65
8899,Student_8899,96,98
8900,Student_8900,68,70
8901,Student_8901,57,73
8902,Student_8902,51,73
8903,Student_8903,91,56
8904,Student_8904,62,68
8905,Student_8905,97,73
8906,Student_8906,99,85
8907,Student_8907,79,52
8908,Student_8908,61,67
8909,Student_8909,76,98
8910,Student_8910,96,55
8911,Student_8911,97,57
8912,Student_8912,70,68
8913,Student_8913,73,93
8914,Student_8914,56,57
8915,Student_8915,59,73
8916,Student_8916,66,91
8917,Student_8917,94,64
8918,Student_8918,80,67
8919,Student_8919,80,90
8920,Student_8920,98,80
8921,Student_8921,82,61
8922,Student_8922,93,64
8923,Student_8923,71,84
8924,Student_8924,96,65
8925,Student_8925,93,52
8926,Student_8926,68,69
8927,Student_8927,95,64
8928,Student_8928,61,74
8929,Student_8929,54,83
8930,Student_8930,99,90
8931,Student_8931,72,73
8932,Student_8932,93,80
8933,Student_8933,62,90
8934,Student_8934,51,99
8935,Student_8935,74,86
8936,Student_8936,89,60
8937,Student_8937,94,70
8938,Student_8938,67,53
8939,Student_8939,82,63
8940,Student_8940,63,82
8941,Student_8941,50,85
8942,Student_8942,52,100
8943,Student_8943,58,84
8944,Student_8944,52,87
8945,Student_8945,53,66
8946,Student_8946,98,52
8947,Student_8947,53,59
8948,Student_8948,50,93
8949,Student_8949,100,69
8950,Student_8950,78,71
8951,Student_8951,96,55
8952,Student_8952,68,69
8953,Student_8953,77,65
8954,Student_8954,80,93
8955,Student_8955,69,61
8956,Student_8956,98,81
8957,Student_8957,100,88
8958,Student_8958,95,96
8959,Student_8959,79,64
8960,Student_8960,66,61
8961,Student_8961,96,79
8962,Student_8962,78,97
8963,Student_8963,87,59
8964,Student_8964,70,55
8965,Student_8965,55,83
8966,Student_8966,73,95
8967,Student_8967,53,83
8968,Student_8968,86,70
8969,Student_8969,79,75
8970,Student_8970,51,62
8971,Student_8971,54,59
8972,Student_8972,63,51
8973,Student_8973,83,94
8974,Student_8974,77,75
8975,Student_8975,80,88
8976,Student_8976,75,72
8977,Student_8977,93,71
8978,Student_8978,65,74
8979,Student_8979,66,83
8980,Student_8980,82,83
8981,Student_8981,76,86
8982,Student_8982,54,100
8983,Student_8983,50,79
8984,Student_8984,76,65
8985,Student_8985,64,96
8986,Student_8986,78,84
8987,Student_8987,73,63
8988,Student_8988,50,85
8989,Student_8989,70,64
8990,Student_8990,51,99
8991,Student_8991,95,74
8992,Student_8992,59,76
8993,Student_8993,98,63
8994,Student_8994,88,87
8995,Student_8995,88,63
8996,Student_8996,72,75
8997,Student_8997,50,75
8998,Student_8998,53,56
8999,Student_8999,98,95
9000,Student_9000,80,65
9001,Student_9001,64,70
9002,Student_9002,76,54
9003,Student_9003,96,63
9004,Student_9004,80,84
9005,Student_9005,100,90
9006,Student_9006,99,68
9007,Student_9007,90,97
9008,Student_9008,84,84
9009,Student_9009,66,89
9010,Student_9010,66,87
9011,Student_9011,51,52
9012,Student_9012,77,60
9013,Student_9013,86,55
9014,Student_9014,94,100
9015,Student_9015,54,75
9016,Student_9016,79,58
9017,Student_9017,66,96
9018,Student_9018,67,71
9019,Student_9019,71,60
9020,Student_9020,80,91
9021,Student_9021,68,95
9022,Student_9022,74,86
9023,Student_9023,91,88
9024,Student_9024,57,91
9025,Student_9025,86,55
9026,Student_9026,61,73
9027,Student_9027,97,100
9028,Student_9028,92,91
9029,Student_9029,75,85
9030,Student_9030,77,96
9031,Student_9031,66,50
9032,Student_9032,51,100
9033,Student_9033,56,73
9034,Student_9034,92,68
9035,Student_9035,57,56
9036,Student_9036,61,73
9037,Student_9037,82,68
9038,Student_9038,100,60
9039,Student_9039,73,99
9040,Student_9040,56,84
9041,Student_9041,94,83
9042,Student_9042,90,51
9043,Student_9043,90,58
9044,Student_9044,77,60
9045,Student_9045,76,87
9046,Student_9046,62,90
9047,Student_9047,91,72
9048,Student_9048,56,54
9049,Student_9049,96,77
9050,Student_9050,95,58
9051,Student_9051,77,56
9052,Student_9052,92,74
9053,Student_9053,92,84
9054,Student_9054,63,65
9055,Student_9055,75,68
9056,Student_9056,84,59
9057,Student_9057,50,77
9058,Student_9058,85,64
9059,Student_9059,55,72
9060,Student_9060,69,77
9061,Student_9061,85,73
9062,Student_9062,59,90
9063,Student_9063,53,93
9064,Student_9064,60,67
9065,Student_9065,71,62
9066,Student_9066,98,53
9067,Student_9067,100,75
9068,Student_9068,95,56
9069,Student_9069,58,91
9070,Student_9070,93,60
9071,Student_9071,68,69
9072,Student_9072,65,55
9073,Student_9073,67,91
9074,Student_9074,65,99
9075,Student_9075,51,72
9076,Student_9076,54,94
9077,Student_9077,77,85
9078,Student_9078,93,57
9079,Student_9079,68,71
9080,Student_9080,91,83
9081,Student_9081,59,95
9082,Student_9082,100,73
9083,Student_9083,88,56
9084,Student_9084,55,79
9085,Student_9085,87,50
9086,Student_9086,92,89
9087,Student_9087,90,97
9088,Student_9088,93,72
9089,Student_9089,57,79
9090,Student_9090,100,94
9091,Student_9091,51,64
9092,Student_9092,51,99
9093,Student_9093,59,98
9094,Student_9094,84,84
9095,Student_9095,97,56
9096,Student_9096,65,52
9097,Student_9097,50,71
9098,Student_9098,91,60
9099,Student_9099,65,97
9100,Student_9100,56,68
9101,Student_9101,57,56
9102,Student_9102,100,65
9103,Student_9103,81,83
9104,Student_9104,75,56
9105,Student_9105,100,90
9106,Student_9106,87,95
9107,Student_9107,82,80
9108,Student_9108,63,63
9109,Student_9109,55,54
9110,Student_9110,87,71
9111,Student_9111,74,99
9112,Student_9112,63,99
9113,Student_9113,56,50
9114,Student_9114,54,81
9115,Student_9115,94,81
9116,Student_9116,95,76
9117,Student_9117,71,84
9118,Student_9118,78,80
9119,Student_9119,54,63
9120,Student_9120,77,70
9121,Student_9121,79,79
9122,Student_9122,76,85
9123,Student_9123,64,71
9124,Student_9124,90,50
9125,Student_9125,79,76
9126,Student_9126,70,83
9127,Student_9127,93,51
9128,Student_9128,71,94
9129,Student_9129,89,61
9130,Student_9130,60,50
9131,Student_9131,84,60
9132,Student_9132,63,87
9133,Student_9133,93,78
9134,Student_9134,72,79
9135,Student_9135,64,53
9136,Student_9136,79,56
9137,Student_9137,88,65
9138,Student_9138,96,80
9139,Student_9139,67,95
9140,Student_9140,97,98
9141,Student_9141,94,95
9142,Student_9142,70,100
9143,Student_9143,53,91
9144,Student_9144,85,71
9145,Student_9145,89,56
9146,Student_9146,72,67
9147,Student_9147,85,89
9148,Student_9148,65,71
9149,Student_9149,83,87
9150,Student_9150,88,90
9151,Student_9151,89,79
9152,Student_9152,92,100
9153,Student_9153,70,59
9154,Student_9154,72,93
9155,Student_9155,51,95
9156,Student_9156,77,79
9157,Student_9157,83,97
9158,Student_9158,64,91
9159,Student_9159,53,55
9160,Student_9160,91,63
9161,Student_9161,77,87
9162,Student_9162,59,79
9163,Student_9163,71,70
9164,Student_9164,86,52
9165,Student_9165,100,87
9166,Student_9166,78,90
9167,Student_9167,81,84
9168,Student_9168,91,91
9169,Student_9169,87,85
9170,Student_9170,99,83
9171,Student_9171,100,86
9172,Student_9172,97,68
9173,Student_9173,80,55
9174,Student_9174,77,78
9175,Student_9175,98,86
9176,Student_9176,60,87
9177,Student_9177,66,71
9178,Student_9178,94,62
9179,Student_9179,97,56
9180,Student_9180,75,59
9181,Student_9181,56,54
9182,Student_9182,98,85
9183,Student_9183,97,64
9184,Student_9184,62,58
9185,Student_9185,60,77
9186,Student_9186,71,98
9187,Student_9187,100,84
9188,Student_9188,100,67
9189,Student_9189,84,53
9190,Student_9190,51,77
9191,Student_9191,72,81
9192,Student_9192,85,90
9193,Student_9193,87,61
9194,Student_9194,59,60
9195,Student_9195,93,83
9196,Student_9196,56,61
9197,Student_9197,75,81
9198,Student_9198,78,98
9199,Student_9199,80,91
9200,Student_9200,89,65
9201,Student_9201,55,61
9202,Student_9202,61,87
9203,Student_9203,52,50
9204,Student_9204,59,53
9205,Student_9205,65,76
9206,Student_9206,98,92
9207,Student_9207,54,98
9208,Student_9208,52,99
9209,Student_9209,87,86
9210,Student_9210,51,86
9211,Student_9211,69,75
9212,Student_9212,67,69
9213,Student_9213,87,64
9214,Student_9214,92,58
9215,Student_9215,77,94
9216,Student_9216,86,88
9217,Student_9217,90,75
9218,Student_9218,89,50
9219,Student_9219,71,93
9220,Student_9220,85,50
9221,Student_9221,54,50
9222,Student_9222,85,53
9223,Student_9223,69,95
9224,Student_9224,65,84
9225,Student_9225,85,71
9226,Student_9226,60,95
9227,Student_9227,74,78
9228,Student_9228,56,60
9229,Student_9229,98,86
9230,Student_9230,79,100
9231,Student_9231,50,86
9232,Student_9232,77,78
9233,Student_9233,76,53
9234,Student_9234,90,64
9235,Student_9235,63,54
9236,Student_9236,83,94
9237,Student_9237,93,73
9238,Student_9238,79,97
9239,Student_9239,61,92
9240,Student_9240,66,89
9241,Student_9241,88,99
9242,Student_9242,92,53
9243,Student_9243,67,57
9244,Student_9244,68,76
9245,Student_9245,56,70
9246,Student_9246,76,82
9247,Student_9247,71,72
9248,Student_9248,85,52
9249,Student_9249,81,80
9250,Student_9250,93,59
9251,Student_9251,59,71
9252,Student_9252,84,76
9253,Student_9253,53,58
9254,Student_9254,51,58
9255,Student_9255,93,87
9256,Student_9256,80,71
9257,Student_9257,74,90
9258,Student_9258,78,79
9259,Student_9259,51,100
9260,Student_9260,61,80
9261,Student_9261,93,78
9262,Student_9262,91,87
9263,Student_9263,84,74
9264,Student_9264,55,70
9265,Student_9265,75,56
9266,Student_9266,83,78
9267,Student_9267,85,70
9268,Student_9268,83,62
9269,Student_9269,54,65
9270,Student_9270,83,100
9271,Student_9271,90,95
9272,Student_9272,60,90
9273,Student_9273,62,67
9274,Student_9274,86,92
9275,Student_9275,92,73
9276,Student_9276,71,62
9277,Student_9277,97,100
9278,Student_9278,64,88
9279,Student_9279,74,61
9280,Student_9280,54,60
9281,Student_9281,55,66
9282,Student_9282,90,77
9283,Student_9283,75,81
9284,Student_9284,80,91
9285,Student_9285,83,90
9286,Student_9286,79,68
9287,Student_9287,68,68
9288,Student_9288,79,98
9289,Student_9289,81,100
9290,Student_9290,60,89
9291,Student_9291,72,82
9292,Student_9292,84,58
9293,Student_9293,67,85
9294,Student_9294,76,91
9295,Student_9295,89,96
9296,Student_9296,62,51
9297,Student_9297,81,98
9298,Student_9298,82,87
9299,Student_9299,97,97
9300,Student_9300,78,61
9301,Student_9301,84,91
9302,Student_9302,59,81
9303,Student_9303,60,51
9304,Student_9304,87,75
9305,Student_9305,57,91
9306,Student_9306,60,84
9307,Student_9307,86,87
9308,Student_9308,63,62
9309,Student_9309,70,70
9310,Student_9310,98,65
9311,Student_9311,76,80
9312,Student_9312,55,76
9313,Student_9313,62,70
9314,Student_9314,63,91
9315,Student_9315,62,92
9316,Student_9316,52,69
9317,Student_9317,79,88
9318,Student_9318,60,61
9319,Student_9319,66,60
9320,Student_9320,86,67
9321,Student_9321,93,66
9322,Student_9322,98,56
9323,Student_9323,67,64
9324,Student_9324,69,85
9325,Student_9325,85,52
9326,Student_9326,83,91
9327,Student_9327,72,79
9328,Student_9328,64,56
9329,Student_9329,83,55
9330,Student_9330,64,68
9331,Student_9331,64,74
9332,Student_9332,86,89
9333,Student_9333,79,93
9334,Student_9334,90,60
9335,Student_9335,91,82
9336,Student_9336,97,84
9337,Student_9337,74,64
9338,Student_9338,81,62
9339,Student_9339,82,92
9340,Student_9340,60,52
9341,Student_9341,72,95
9342,Student_9342,70,62
9343,Student_9343,54,73
9344,Student_9344,91,50
9345,Student_9345,58,78
9346,Student_9346,99,81
9347,Student_9347,84,53
9348,Student_9348,91,54
9349,Student_9349,77,89
9350,Student_9350,100,71
9351,Student_9351,65,54
9352,Student_9352,81,55
9353,Student_9353,58,72
9354,Student_9354,100,64
9355,Student_9355,54,95
9356,Student_9356,94,50
9357,Student_9357,66,73
9358,Student_9358,90,98
9359,Student_9359,83,77
9360,Student_9360,81,85
9361,Student_9361,71,93
9362,Student_9362,97,50
9363,Student_9363,82,77
9364,Student_9364,98,59
9365,Student_9365,54,54
9366,Student_9366,87,87
9367,Student_9367,80,52
9368,Student_9368,79,63
9369,Student_9369,82,55
9370,Student_9370,92,92
9371,Student_9371,52,61
9372,Student_9372,84,66
9373,Student_9373,80,83
9374,Student_9374,70,62
9375,Student_9375,86,69
9376,Student_9376,89,97
9377,Student_9377,85,57
9378,Student_9378,55,58
9379,Student_9379,70,92
9380,Student_9380,98,75
9381,Student_9381,100,77
9382,Student_9382,88,74
9383,Student_9383,78,85
9384,Student_9384,81,74
9385,Student_9385,63,53
9386,Student_9386,51,78
9387,Student_9387,75,97
9388,Student_9388,78,86
9389,Student_9389,80,53
9390,Student_9390,94,51
9391,Student_9391,98,84
9392,Student_9392,85,65
9393,Student_9393,74,71
9394,Student_9394,81,57
9395,Student_9395,84,91
9396,Student_9396,56,92
9397,Student_9397,89,52
9398,Student_9398,64,82
9399,Student_9399,79,75
9400,Student_9400,55,65
9401,Student_9401,80,72
9402,Student_9402,57,83
9403,Student_9403,96,96
9404,Student_9404,97,96
9405,Student_9405,96,54
9406,Student_9406,78,53
9407,Student_9407,98,50
9408,Student_9408,58,66
9409,Student_9409,88,92
9410,Student_9410,64,98
9411,Student_9411,77,86
9412,Student_9412,57,57
9413,Student_9413,64,97
9414,Student_9414,93,59
9415,Student_9415,99,92
9416,Student_9416,58,70
9417,Student_9417,59,59
9418,Student_9418,94,65
9419,Student_9419,66,55
9420,Student_9420,97,100
9421,Student_9421,78,57
9422,Student_9422,81,95
9423,Student_9423,60,99
9424,Student_9424,94,59
9425,Student_9425,98,68
9426,Student_9426,82,63
9427,Student_9427,77,60
9428,Student_9428,97,89
9429,Student_9429,92,86
9430,Student_9430,90,71
9431,Student_9431,78,82
9432,Student_9432,94,78
9433,Student_9433,69,86
9434,Student_9434,58,85
9435,Student_9435,100,88
9436,Student_9436,89,61
9437,Student_9437,79,69
9438,Student_9438,76,88
9439,Student_9439,61,65
9440,Student_9440,75,56
9441,Student_9441,54,93
9442,Student_9442,66,68
9443,Student_9443,83,69
9444,Student_9444,98,81
9445,Student_9445,70,68
9446,Student_9446,95,55
9447,Student_9447,69,63
9448,Student_9448,70,62
9449,Student_9449,56,54
9450,Student_9450,60,56
9451,Student_9451,85,87
9452,Student_9452,65,75
9453,Student_9453,85,84
9454,Student_9454,90,82
9455,Student_9455,72,79
9456,Student_9456,60,89
9457,Student_9457,83,86
9458,Student_9458,87,89
9459,Student_9459,72,89
9460,Student_9460,70,96
9461,Student_9461,96,96
9462,Student_9462,69,79
9463,Student_9463,63,78
9464,Student_9464,70,66
9465,Student_9465,68,63
9466,Student_9466,93,79
9467,Student_9467,55,89
9468,Student_9468,97,57
9469,Student_9469,90,87
9470,Student_9470,82,83
9471,Student_9471,72,88
9472,Student_9472,58,92
9473,Student_9473,95,86
9474,Student_9474,94,96
9475,Student_9475,97,62
9476,Student_9476,82,62
9477,Student_9477,98,56
9478,Student_9478,66,64
9479,Student_9479,68,63
9480,Student_9480,69,50
9481,Student_9481,78,92
9482,Student_9482,66,56
9483,Student_9483,82,69
9484,Student_9484,81,61
9485,Student_9485,51,52
9486,Student_9486,69,84
9487,Student_9487,53,78
9488,Student_9488,91,81
9489,Student_9489,53,65
9490,Student_9490,82,62
9491,Student_9491,99,94
9492,Student_9492,52,97
9493,Student_9493,93,98
9494,Student_9494,68,76
9495,Student_9495,52,90
9496,Student_9496,91,52
9497,Student_9497,54,94
9498,Student_9498,92,51
9499,Student_9499,54,54
9500,Student_9500,100,68
9501,Student_9501,92,95
9502,Student_9502,67,65
9503,Student_9503,65,99
9504,Student_9504,94,50
9505,Student_9505,54,77
9506,Student_9506,88,97
9507,Student_9507,79,54
9508,Student_9508,80,86
9509,Student_9509,83,62
9510,Student_9510,55,51
9511,Student_9511,83,94
9512,Student_9512,76,59
9513,Student_9513,52,93
9514,Student_9514,82,90
9515,Student_9515,58,77
9516,Student_9516,72,89
9517,Student_9517,75,91
9518,Student_9518,70,61
9519,Student_9519,74,59
9520,Student_9520,76,87
9521,Student_9521,90,57
9522,Student_9522,67,70
9523,Student_9523,82,90
9524,Student_9524,82,100
9525,Student_9525,68,71
9526,Student_9526,97,86
9527,Student_9527,92,77
9528,Student_9528,56,52
9529,Student_9529,65,66
9530,Student_9530,79,84
9531,Student_9531,100,85
9532,Student_9532,93,75
9533,Student_9533,87,80
9534,Student_9534,100,85
9535,Student_9535,52,89
9536,Student_9536,56,83
9537,Student_9537,69,65
9538,Student_9538,88,97
9539,Student_9539,79,66
9540,Student_9540,67,73
9541,Student_9541,74,58
9542,Student_9542,85,96
9543,Student_9543,59,50
9544,Student_9544,53,61
9545,Student_9545,81,80
9546,Student_9546,89,94
9547,Student_9547,66,88
9548,Student_9548,63,56
9549,Student_9549,74,93
9550,Student_9550,71,68
9551,Student_9551,61,98
9552,Student_9552,51,86
9553,Student_9553,79,58
9554,Student_9554,94,96
9555,Student_9555,58,75
9556,Student_9556,82,93
9557,Student_9557,91,69
9558,Student_9558,50,55
9559,Student_9559,73,51
9560,Student_9560,77,63
9561,Student_9561,99,50
9562,Student_9562,83,84
9563,Student_9563,59,59
9564,Student_9564,53,83
9565,Student_9565,65,81
9566,Student_9566,69,66
9567,Student_9567,69,80
9568,Student_9568,58,87
9569,Student_9569,83,54
9570,Student_9570,91,51
9571,Student_9571,72,79
9572,Student_9572,78,82
9573,Student_9573,51,60
9574,Student_9574,91,91
9575,Student_9575,72,94
9576,Student_9576,57,75
9577,Student_9577,99,83
9578,Student_9578,55,78
9579,Student_9579,74,77
9580,Student_9580,64,55
9581,Student_9581,78,52
9582,Student_9582,85,80
9583,Student_9583,59,90
9584,Student_9584,75,84
9585,Student_9585,70,90
9586,Student_9586,62,92
9587,Student_9587,56,54
9588,Student_9588,93,76
9589,Student_9589,63,70
9590,Student_9590,92,92
9591,Student_9591,96,98
9592,Student_9592,95,77
9593,Student_9593,61,73
9594,Student_9594,62,54
9595,Student_9595,64,95
9596,Student_9596,75,98
9597,Student_9597,84,51
9598,Student_9598,94,82
9599,Student_9599,77,50
9600,Student_9600,56,92
9601,Student_9601,91,95
9602,Student_9602,56,72
9603,Student_9603,98,69
9604,Student_9604,51,82
9605,Student_9605,61,63
9606,Student_9606,57,56
9607,Student_9607,74,58
9608,Student_9608,55,74
9609,Student_9609,88,73
9610,Student_9610,82,84
9611,Student_9611,80,76
9612,Student_9612,94,96
9613,Student_9613,94,67
9614,Student_9614,71,51
9615,Student_9615,99,51
9616,Student_9616,74,53
9617,Student_9617,94,89
9618,Student_9618,62,74
9619,Student_9619,100,81
9620,Student_9620,61,67
9621,Student_9621,79,86
9622,Student_9622,76,74
9623,Student_9623,95,90
9624,Student_9624,85,69
9625,Student_9625,93,78
9626,Student_9626,68,80
9627,Student_9627,75,56
9628,Student_9628,65,84
9629,Student_9629,84,62
9630,Student_9630,84,99
9631,Student_9631,51,78
9632,Student_9632,79,97
9633,Student_9633,58,99
9634,Student_9634,75,66
9635,Student_9635,92,68
9636,Student_9636,69,66
9637,Student_9637,64,88
9638,Student_9638,51,88
9639,Student_9639,71,69
9640,Student_9640,92,56
9641,Student_9641,65,95
9642,Student_9642,82,81
9643,Student_9643,90,54
9644,Student_9644,85,93
9645,Student_9645,73,96
9646,Student_9646,68,52
9647,Student_9647,76,81
9648,Student_9648,76,99
9649,Student_9649,57,84
9650,Student_9650,53,55
9651,Student_9651,93,100
9652,Student_9652,63,96
9653,Student_9653,51,83
9654,Student_9654,89,91
9655,Student_9655,97,61
9656,Student_9656,64,67
9657,Student_9657,52,70
9658,Student_9658,94,80
9659,Student_9659,91,65
9660,Student_9660,79,99
9661,Student_9661,99,74
9662,Student_9662,61,50
9663,Student_9663,93,67
9664,Student_9664,70,52
9665,Student_9665,63,83
9666,Student_9666,88,53
9667,Student_9667,51,94
9668,Student_9668,53,82
9669,Student_9669,73,75
9670,Student_9670,88,68
9671,Student_9671,66,71
9672,Student_9672,73,63
9673,Student_9673,100,51
9674,Student_9674,82,95
9675,Student_9675,72,68
9676,Student_9676,89,97
9677,Student_9677,81,88
9678,Student_9678,52,62
9679,Student_9679,89,58
9680,Student_9680,60,53
9681,Student_9681,97,98
9682,Student_9682,76,75
9683,Student_9683,81,75
9684,Student_9684,90,66
9685,Student_9685,68,70
9686,Student_9686,83,54
9687,Student_9687,51,65
9688,Student_9688,77,86
9689,Student_9689,91,94
9690,Student_9690,82,61
9691,Student_9691,80,51
9692,Student_9692,73,79
9693,Student_9693,88,63
9694,Student_9694,68,57
9695,Student_9695,87,80
9696,Student_9696,67,81
9697,Student_9697,60,57
9698,Student_9698,94,66
9699,Student_9699,52,100
9700,Student_9700,75,98
9701,Student_9701,68,53
9702,Student_9702,73,72
9703,Student_9703,94,61
9704,Student_9704,73,52
9705,Student_9705,58,57
9706,Student_9706,95,50
9707,Student_9707,91,71
9708,Student_9708,89,81
9709,Student_9709,56,50
9710,Student_9710,64,78
9711,Student_9711,58,63
9712,Student_9712,78,58
9713,Student_9713,84,63
9714,Student_9714,63,98
9715,Student_9715,62,54
9716,Student_9716,76,64
9717,Student_9717,52,74
9718,Student_9718,87,94
9719,Student_9719,92,81
9720,Student_9720,59,59
9721,Student_9721,55,52
9722,Student_9722,78,65
9723,Student_9723,84,54
9724,Student_9724,81,60
9725,Student_9725,96,77
9726,Student_9726,81,83
9727,Student_9727,83,93
9728,Student_9728,97,80
9729,Student_9729,94,86
9730,Student_9730,66,86
9731,Student_9731,55,59
9732,Student_9732,60,70
9733,Student_9733,98,78
9734,Student_9734,60,80
9735,Student_9735,80,96
9736,Student_9736,69,54
9737,Student_9737,55,80
9738,Student_9738,78,73
9739,Student_9739,92,64
9740,Student_9740,82,63
9741,Student_9741,65,79
9742,Student_9742,85,90
9743,Student_9743,83,100
9744,Student_9744,99,50
9745,Student_9745,76,65
9746,Student_9746,89,90
9747,Student_9747,87,92
9748,Student_9748,80,86
9749,Student_9749,68,67
9750,Student_9750,82,75
9751,Student_9751,88,62
9752,Student_9752,59,94
9753,Student_9753,64,82
9754,Student_9754,63,61
9755,Student_9755,54,75
9756,Student_9756,61,83
9757,Student_9757,79,100
9758,Student_9758,61,80
9759,Student_9759,85,89
9760,Student_9760,54,68
9761,Student_9761,76,70
9762,Student_9762,83,82
9763,Student_9763,87,59
9764,Student_9764,53,87
9765,Student_9765,93,85
9766,Student_9766,82,76
9767,Student_9767,59,81
9768,Student_9768,51,81
9769,Student_9769,73,77
9770,Student_9770,100,94
9771,Student_9771,88,70
9772,Student_9772,94,97
9773,Student_9773,96,94
9774,Student_9774,65,74
9775,Student_9775,93,56
9776,Student_9776,60,56
9777,Student_9777,78,57
9778,Student_9778,62,78
9779,Student_9779,89,73
9780,Student_9780,65,51
9781,Student_9781,73,88
9782,Student_9782,69,54
9783,Student_9783,81,94
9784,Student_9784,83,55
9785,Student_9785,91,96
9786,Student_9786,63,87
9787,Student_9787,93,59
9788,Student_9788,94,76
9789,Student_9789,81,61
9790,Student_9790,55,95
9791,Student_9791,50,72
9792,Student_9792,95,72
9793,Student_9793,67,56
9794,Student_9794,78,79
9795,Student_9795,50,75
9796,Student_9796,53,88
9797,Student_9797,75,86
9798,Student_9798,79,78
9799,Student_9799,57,73
9800,Student_9800,61,77
9801,Student_9801,64,66
9802,Student_9802,52,90
9803,Student_9803,58,97
9804,Student_9804,70,65
9805,Student_9805,64,63
9806,Student_9806,65,98
9807,Student_9807,69,100
9808,Student_9808,50,62
9809,Student_9809,61,90
9810,Student_9810,72,100
9811,Student_9811,69,62
9812,Student_9812,62,96
9813,Student_9813,71,54
9814,Student_9814,68,66
9815,Student_9815,59,78
9816,Student_9816,92,82
9817,Student_9817,77,78
9818,Student_9818,81,51
9819,Student_9819,60,79
9820,Student_9820,60,52
9821,Student_9821,57,92
9822,Student_9822,58,89
9823,Student_9823,66,76
9824,Student_9824,72,97
9825,Student_9825,77,89
9826,Student_9826,96,58
9827,Student_9827,90,61
9828,Student_9828,89,91
9829,Student_9829,80,89
9830,Student_9830,67,54
9831,Student_9831,89,50
9832,Student_9832,59,82
9833,Student_9833,58,99
9834,Student_9834,78,72
9835,Student_9835,99,76
9836,Student_9836,99,73
9837,Student_9837,79,55
9838,Student_9838,99,53
9839,Student_9839,88,59
9840,Student_9840,67,50
9841,Student_9841,80,98
9842,Student_9842,85,83
9843,Student_9843,99,74
9844,Student_9844,53,96
9845,Student_9845,57,89
9846,Student_9846,74,100
9847,Student_9847,71,61
9848,Student_9848,55,86
9849,Student_9849,82,87
9850,Student_9850,59,100
9851,Student_9851,89,87
9852,Student_9852,85,63
9853,Student_9853,96,74
9854,Student_9854,100,53
9855,Student_9855,84,51
9856,Student_9856,73,69
9857,Student_9857,57,67
9858,Student_9858,77,78
9859,Student_9859,54,86
9860,Student_9860,61,98
9861,Student_9861,71,73
9862,Student_9862,58,80
9863,Student_9863,58,55
9864,Student_9864,89,63
9865,Student_9865,55,55
9866,Student_9866,59,61
9867,Student_9867,100,91
9868,Student_9868,63,56
9869,Student_9869,67,53
9870,Student_9870,98,73
9871,Student_9871,58,68
9872,Student_9872,97,85
9873,Student_9873,68,82
9874,Student_9874,68,64
9875,Student_9875,92,56
9876,Student_9876,61,69
9877,Student_9877,92,70
9878,Student_9878,78,61
9879,Student_9879,88,69
9880,Student_9880,98,93
9881,Student_9881,53,85
9882,Student_9882,55,52
9883,Student_9883,83,63
9884,Student_9884,66,90
9885,Student_9885,91,99
9886,Student_9886,83,87
9887,Student_9887,54,83
9888,Student_9888,80,99
9889,Student_9889,58,94
9890,Student_9890,62,92
9891,Student_9891,95,59
9892,Student_9892,63,96
9893,Student_9893,81,54
9894,Student_9894,70,98
9895,Student_9895,88,53
9896,Student_9896,63,50
9897,Student_9897,94,77
9898,Student_9898,62,100
9899,Student_9899,96,67
9900,Student_9900,56,85
9901,Student_9901,79,90
9902,Student_9902,67,99
9903,Student_9903,96,73
9904,Student_9904,94,91
9905,Student_9905,66,80
9906,Student_9906,53,72
9907,Student_9907,78,73
9908,Student_9908,59,63
9909,Student_9909,67,69
9910,Student_9910,61,51
9911,Student_9911,64,91
9912,Student_9912,74,63
9913,Student_9913,60,50
9914,Student_9914,98,79
9915,Student_9915,59,97
9916,Student_9916,53,81
9917,Student_9917,83,89
9918,Student_9918,66,63
9919,Student_9919,78,80
9920,Student_9920,75,88
9921,Student_9921,91,72
9922,Student_9922,91,66
9923,Student_9923,75,80
9924,Student_9924,71,92
9925,Student_9925,75,78
9926,Student_9926,78,57
9927,Student_9927,77,50
9928,Student_9928,95,50
9929,Student_9929,99,79
9930,Student_9930,100,76
9931,Student_9931,80,76
9932,Student_9932,60,58
9933,Student_9933,70,75
9934,Student_9934,90,95
9935,Student_9935,54,73
9936,Student_9936,51,85
9937,Student_9937,54,89
9938,Student_9938,84,71
9939,Student_9939,78,81
9940,Student_9940,51,83
9941,Student_9941,84,68
9942,Student_9942,76,55
9943,Student_9943,85,64
9944,Student_9944,77,97
9945,Student_9945,83,97
9946,Student_9946,64,50
9947,Student_9947,61,69
9948,Student_9948,85,91
9949,Student_9949,94,70
9950,Student_9950,74,51
9951,Student_9951,65,78
9952,Student_9952,91,88
9953,Student_9953,76,61
9954,Student_9954,51,55
9955,Student_9955,56,66
9956,Student_9956,78,92
9957,Student_9957,77,95
9958,Student_9958,61,75
9959,Student_9959,53,63
9960,Student_9960,89,72
9961,Student_9961,53,80
9962,Student_9962,83,52
9963,Student_9963,52,86
9964,Student_9964,82,84
9965,Student_9965,86,73
9966,Student_9966,97,57
9967,Student_9967,80,99
9968,Student_9968,85,99
9969,Student_9969,89,79
9970,Student_9970,79,52
9971,Student_9971,59,78
9972,Student_9972,56,61
9973,Student_9973,96,68
9974,Student_9974,68,82
9975,Student_9975,74,54
9976,Student_9976,68,63
9977,Student_9977,86,93
9978,Student_9978,88,81
9979,Student_9979,70,54
9980,Student_9980,69,83
9981,Student_9981,88,67
9982,Student_9982,88,92
9983,Student_9983,89,65
9984,Student_9984,51,94
9985,Student_9985,68,64
9986,Student_9986,52,99
9987,Student_9987,99,90
9988,Student_9988,68,74
9989,Student_9989,83,86
9990,Student_9990,87,76
9991,Student_9991,53,51
9992,Student_9992,88,56
9993,Student_9993,91,81
9994,Student_9994,98,52
9995,Student_9995,61,71
9996,Student_9996,65,85
9997,Student_9997,76,60
9998,Student_9998,99,56
9999,Student_9999,64,95
10000,Student_10000,71,80
